end_treatment_dateID,end_treatment_date
0,12/2/2014 0:00
1,12/4/2014 0:00
2,12/5/2014 0:00
3,12/7/2014 0:00
4,12/8/2014 0:00
5,12/9/2014 0:00
6,12/10/2014 0:00
7,12/11/2014 0:00
8,12/12/2014 0:00
9,12/13/2014 0:00
10,12/14/2014 0:00
11,12/15/2014 0:00
12,12/16/2014 0:00
13,12/17/2014 0:00
14,12/18/2014 0:00
15,12/19/2014 0:00
16,12/20/2014 0:00
17,12/21/2014 0:00
18,12/22/2014 0:00
19,12/23/2014 0:00
20,12/24/2014 0:00
21,12/25/2014 0:00
22,12/26/2014 0:00
23,12/27/2014 0:00
24,12/28/2014 0:00
25,12/29/2014 0:00
26,12/30/2014 0:00
27,12/31/2014 0:00
28,1/1/2015 0:00
29,1/2/2015 0:00
30,1/3/2015 0:00
31,1/4/2015 0:00
32,1/5/2015 0:00
33,1/6/2015 0:00
34,1/7/2015 0:00
35,1/8/2015 0:00
36,1/9/2015 0:00
37,1/10/2015 0:00
38,1/11/2015 0:00
39,1/12/2015 0:00
40,1/13/2015 0:00
41,1/14/2015 0:00
42,1/15/2015 0:00
43,1/16/2015 0:00
44,1/17/2015 0:00
45,1/18/2015 0:00
46,1/19/2015 0:00
47,1/20/2015 0:00
48,1/21/2015 0:00
49,1/22/2015 0:00
50,1/23/2015 0:00
51,1/24/2015 0:00
52,1/25/2015 0:00
53,1/26/2015 0:00
54,1/27/2015 0:00
55,1/28/2015 0:00
56,1/29/2015 0:00
57,1/30/2015 0:00
58,1/31/2015 0:00
59,2/1/2015 0:00
60,2/2/2015 0:00
61,2/3/2015 0:00
62,2/4/2015 0:00
63,2/5/2015 0:00
64,2/6/2015 0:00
65,2/7/2015 0:00
66,2/8/2015 0:00
67,2/9/2015 0:00
68,2/10/2015 0:00
69,2/11/2015 0:00
70,2/12/2015 0:00
71,2/13/2015 0:00
72,2/14/2015 0:00
73,2/15/2015 0:00
74,2/16/2015 0:00
75,2/17/2015 0:00
76,2/18/2015 0:00
77,2/19/2015 0:00
78,2/20/2015 0:00
79,2/21/2015 0:00
80,2/22/2015 0:00
81,2/23/2015 0:00
82,2/24/2015 0:00
83,2/25/2015 0:00
84,2/26/2015 0:00
85,2/27/2015 0:00
86,2/28/2015 0:00
87,3/1/2015 0:00
88,3/2/2015 0:00
89,3/3/2015 0:00
90,3/4/2015 0:00
91,3/5/2015 0:00
92,3/6/2015 0:00
93,3/7/2015 0:00
94,3/8/2015 0:00
95,3/9/2015 0:00
96,3/10/2015 0:00
97,3/11/2015 0:00
98,3/12/2015 0:00
99,3/13/2015 0:00
100,3/14/2015 0:00
101,3/15/2015 0:00
102,3/16/2015 0:00
103,3/17/2015 0:00
104,3/18/2015 0:00
105,3/19/2015 0:00
106,3/20/2015 0:00
107,3/21/2015 0:00
108,3/22/2015 0:00
109,3/23/2015 0:00
110,3/24/2015 0:00
111,3/25/2015 0:00
112,3/26/2015 0:00
113,3/27/2015 0:00
114,3/28/2015 0:00
115,3/29/2015 0:00
116,3/30/2015 0:00
117,3/31/2015 0:00
118,4/1/2015 0:00
119,4/2/2015 0:00
120,4/3/2015 0:00
121,4/4/2015 0:00
122,4/5/2015 0:00
123,4/6/2015 0:00
124,4/7/2015 0:00
125,4/8/2015 0:00
126,4/9/2015 0:00
127,4/10/2015 0:00
128,4/11/2015 0:00
129,4/12/2015 0:00
130,4/13/2015 0:00
131,4/14/2015 0:00
132,4/15/2015 0:00
133,4/16/2015 0:00
134,4/17/2015 0:00
135,4/18/2015 0:00
136,4/19/2015 0:00
137,4/20/2015 0:00
138,4/21/2015 0:00
139,4/22/2015 0:00
140,4/23/2015 0:00
141,4/24/2015 0:00
142,4/25/2015 0:00
143,4/26/2015 0:00
144,4/27/2015 0:00
145,4/28/2015 0:00
146,4/29/2015 0:00
147,4/30/2015 0:00
148,5/1/2015 0:00
149,5/2/2015 0:00
150,5/3/2015 0:00
151,5/4/2015 0:00
152,5/5/2015 0:00
153,5/6/2015 0:00
154,5/7/2015 0:00
155,5/8/2015 0:00
156,5/9/2015 0:00
157,5/10/2015 0:00
158,5/11/2015 0:00
159,5/12/2015 0:00
160,5/13/2015 0:00
161,5/14/2015 0:00
162,5/15/2015 0:00
163,5/16/2015 0:00
164,5/17/2015 0:00
165,5/18/2015 0:00
166,5/19/2015 0:00
167,5/20/2015 0:00
168,5/21/2015 0:00
169,5/22/2015 0:00
170,5/23/2015 0:00
171,5/24/2015 0:00
172,5/25/2015 0:00
173,5/26/2015 0:00
174,5/27/2015 0:00
175,5/28/2015 0:00
176,5/29/2015 0:00
177,5/30/2015 0:00
178,5/31/2015 0:00
179,6/1/2015 0:00
180,6/2/2015 0:00
181,6/3/2015 0:00
182,6/4/2015 0:00
183,6/5/2015 0:00
184,6/6/2015 0:00
185,6/7/2015 0:00
186,6/8/2015 0:00
187,6/9/2015 0:00
188,6/10/2015 0:00
189,6/11/2015 0:00
190,6/12/2015 0:00
191,6/13/2015 0:00
192,6/14/2015 0:00
193,6/15/2015 0:00
194,6/16/2015 0:00
195,6/17/2015 0:00
196,6/18/2015 0:00
197,6/19/2015 0:00
198,6/20/2015 0:00
199,6/21/2015 0:00
200,6/22/2015 0:00
201,6/23/2015 0:00
202,6/24/2015 0:00
203,6/25/2015 0:00
204,6/26/2015 0:00
205,6/27/2015 0:00
206,6/28/2015 0:00
207,6/29/2015 0:00
208,6/30/2015 0:00
209,7/1/2015 0:00
210,7/2/2015 0:00
211,7/3/2015 0:00
212,7/4/2015 0:00
213,7/5/2015 0:00
214,7/6/2015 0:00
215,7/7/2015 0:00
216,7/8/2015 0:00
217,7/9/2015 0:00
218,7/10/2015 0:00
219,7/11/2015 0:00
220,7/12/2015 0:00
221,7/13/2015 0:00
222,7/14/2015 0:00
223,7/15/2015 0:00
224,7/16/2015 0:00
225,7/17/2015 0:00
226,7/18/2015 0:00
227,7/19/2015 0:00
228,7/20/2015 0:00
229,7/21/2015 0:00
230,7/22/2015 0:00
231,7/23/2015 0:00
232,7/24/2015 0:00
233,7/25/2015 0:00
234,7/26/2015 0:00
235,7/27/2015 0:00
236,7/28/2015 0:00
237,7/29/2015 0:00
238,7/30/2015 0:00
239,7/31/2015 0:00
240,8/1/2015 0:00
241,8/2/2015 0:00
242,8/3/2015 0:00
243,8/4/2015 0:00
244,8/5/2015 0:00
245,8/6/2015 0:00
246,8/7/2015 0:00
247,8/8/2015 0:00
248,8/9/2015 0:00
249,8/10/2015 0:00
250,8/11/2015 0:00
251,8/12/2015 0:00
252,8/13/2015 0:00
253,8/14/2015 0:00
254,8/15/2015 0:00
255,8/16/2015 0:00
256,8/17/2015 0:00
257,8/18/2015 0:00
258,8/19/2015 0:00
259,8/20/2015 0:00
260,8/21/2015 0:00
261,8/22/2015 0:00
262,8/23/2015 0:00
263,8/24/2015 0:00
264,8/25/2015 0:00
265,8/26/2015 0:00
266,8/27/2015 0:00
267,8/28/2015 0:00
268,8/29/2015 0:00
269,8/30/2015 0:00
270,8/31/2015 0:00
271,9/1/2015 0:00
272,9/2/2015 0:00
273,9/3/2015 0:00
274,9/4/2015 0:00
275,9/5/2015 0:00
276,9/6/2015 0:00
277,9/7/2015 0:00
278,9/8/2015 0:00
279,9/9/2015 0:00
280,9/10/2015 0:00
281,9/11/2015 0:00
282,9/12/2015 0:00
283,9/13/2015 0:00
284,9/14/2015 0:00
285,9/15/2015 0:00
286,9/16/2015 0:00
287,9/17/2015 0:00
288,9/18/2015 0:00
289,9/19/2015 0:00
290,9/20/2015 0:00
291,9/21/2015 0:00
292,9/22/2015 0:00
293,9/23/2015 0:00
294,9/24/2015 0:00
295,9/25/2015 0:00
296,9/26/2015 0:00
297,9/27/2015 0:00
298,9/28/2015 0:00
299,9/29/2015 0:00
300,9/30/2015 0:00
301,10/1/2015 0:00
302,10/2/2015 0:00
303,10/3/2015 0:00
304,10/4/2015 0:00
305,10/5/2015 0:00
306,10/6/2015 0:00
307,10/7/2015 0:00
308,10/8/2015 0:00
309,10/9/2015 0:00
310,10/10/2015 0:00
311,10/11/2015 0:00
312,10/12/2015 0:00
313,10/13/2015 0:00
314,10/14/2015 0:00
315,10/15/2015 0:00
316,10/16/2015 0:00
317,10/17/2015 0:00
318,10/18/2015 0:00
319,10/19/2015 0:00
320,10/20/2015 0:00
321,10/21/2015 0:00
322,10/22/2015 0:00
323,10/23/2015 0:00
324,10/24/2015 0:00
325,10/25/2015 0:00
326,10/26/2015 0:00
327,10/27/2015 0:00
328,10/28/2015 0:00
329,10/29/2015 0:00
330,10/30/2015 0:00
331,10/31/2015 0:00
332,11/1/2015 0:00
333,11/2/2015 0:00
334,11/3/2015 0:00
335,11/4/2015 0:00
336,11/5/2015 0:00
337,11/6/2015 0:00
338,11/7/2015 0:00
339,11/8/2015 0:00
340,11/9/2015 0:00
341,11/10/2015 0:00
342,11/11/2015 0:00
343,11/12/2015 0:00
344,11/13/2015 0:00
345,11/14/2015 0:00
346,11/15/2015 0:00
347,11/16/2015 0:00
348,11/17/2015 0:00
349,11/18/2015 0:00
350,11/19/2015 0:00
351,11/20/2015 0:00
352,11/21/2015 0:00
353,11/22/2015 0:00
354,11/23/2015 0:00
355,11/24/2015 0:00
356,11/25/2015 0:00
357,11/26/2015 0:00
358,11/27/2015 0:00
359,11/28/2015 0:00
360,11/29/2015 0:00
361,11/30/2015 0:00
362,12/1/2015 0:00
363,12/2/2015 0:00
364,12/3/2015 0:00
365,12/4/2015 0:00
366,12/5/2015 0:00
367,12/6/2015 0:00
368,12/7/2015 0:00
369,12/8/2015 0:00
370,12/9/2015 0:00
371,12/10/2015 0:00
372,12/11/2015 0:00
373,12/12/2015 0:00
374,12/13/2015 0:00
375,12/14/2015 0:00
376,12/15/2015 0:00
377,12/16/2015 0:00
378,12/17/2015 0:00
379,12/18/2015 0:00
380,12/19/2015 0:00
381,12/20/2015 0:00
382,12/21/2015 0:00
383,12/22/2015 0:00
384,12/23/2015 0:00
385,12/24/2015 0:00
386,12/25/2015 0:00
387,12/26/2015 0:00
388,12/27/2015 0:00
389,12/28/2015 0:00
390,12/29/2015 0:00
391,12/30/2015 0:00
392,12/31/2015 0:00
393,1/1/2016 0:00
394,1/2/2016 0:00
395,1/3/2016 0:00
396,1/4/2016 0:00
397,1/5/2016 0:00
398,1/6/2016 0:00
399,1/7/2016 0:00
400,1/8/2016 0:00
401,1/9/2016 0:00
402,1/10/2016 0:00
403,1/11/2016 0:00
404,1/12/2016 0:00
405,1/13/2016 0:00
406,1/14/2016 0:00
407,1/15/2016 0:00
408,1/16/2016 0:00
409,1/17/2016 0:00
410,1/18/2016 0:00
411,1/19/2016 0:00
412,1/20/2016 0:00
413,1/21/2016 0:00
414,1/22/2016 0:00
415,1/23/2016 0:00
416,1/24/2016 0:00
417,1/25/2016 0:00
418,1/26/2016 0:00
419,1/27/2016 0:00
420,1/28/2016 0:00
421,1/29/2016 0:00
422,1/30/2016 0:00
423,1/31/2016 0:00
424,2/1/2016 0:00
425,2/2/2016 0:00
426,2/3/2016 0:00
427,2/4/2016 0:00
428,2/5/2016 0:00
429,2/6/2016 0:00
430,2/7/2016 0:00
431,2/8/2016 0:00
432,2/9/2016 0:00
433,2/10/2016 0:00
434,2/11/2016 0:00
435,2/12/2016 0:00
436,2/13/2016 0:00
437,2/14/2016 0:00
438,2/15/2016 0:00
439,2/16/2016 0:00
440,2/17/2016 0:00
441,2/18/2016 0:00
442,2/19/2016 0:00
443,2/20/2016 0:00
444,2/21/2016 0:00
445,2/22/2016 0:00
446,2/23/2016 0:00
447,2/24/2016 0:00
448,2/25/2016 0:00
449,2/26/2016 0:00
450,2/27/2016 0:00
451,2/28/2016 0:00
452,2/29/2016 0:00
453,3/1/2016 0:00
454,3/2/2016 0:00
455,3/3/2016 0:00
456,3/4/2016 0:00
457,3/5/2016 0:00
458,3/6/2016 0:00
459,3/7/2016 0:00
460,3/8/2016 0:00
461,3/9/2016 0:00
462,3/10/2016 0:00
463,3/11/2016 0:00
464,3/12/2016 0:00
465,3/13/2016 0:00
466,3/14/2016 0:00
467,3/15/2016 0:00
468,3/16/2016 0:00
469,3/17/2016 0:00
470,3/18/2016 0:00
471,3/19/2016 0:00
472,3/20/2016 0:00
473,3/21/2016 0:00
474,3/22/2016 0:00
475,3/23/2016 0:00
476,3/24/2016 0:00
477,3/25/2016 0:00
478,3/26/2016 0:00
479,3/27/2016 0:00
480,3/28/2016 0:00
481,3/29/2016 0:00
482,3/30/2016 0:00
483,3/31/2016 0:00
484,4/1/2016 0:00
485,4/2/2016 0:00
486,4/3/2016 0:00
487,4/4/2016 0:00
488,4/5/2016 0:00
489,4/6/2016 0:00
490,4/7/2016 0:00
491,4/8/2016 0:00
492,4/9/2016 0:00
493,4/10/2016 0:00
494,4/11/2016 0:00
495,4/12/2016 0:00
496,4/13/2016 0:00
497,4/14/2016 0:00
498,4/15/2016 0:00
499,4/16/2016 0:00
500,4/17/2016 0:00
501,4/18/2016 0:00
502,4/19/2016 0:00
503,4/20/2016 0:00
504,4/21/2016 0:00
505,4/22/2016 0:00
506,4/23/2016 0:00
507,4/24/2016 0:00
508,4/25/2016 0:00
509,4/26/2016 0:00
510,4/27/2016 0:00
511,4/28/2016 0:00
512,4/29/2016 0:00
513,4/30/2016 0:00
514,5/1/2016 0:00
515,5/2/2016 0:00
516,5/3/2016 0:00
517,5/4/2016 0:00
518,5/5/2016 0:00
519,5/6/2016 0:00
520,5/7/2016 0:00
521,5/8/2016 0:00
522,5/9/2016 0:00
523,5/10/2016 0:00
524,5/11/2016 0:00
525,5/12/2016 0:00
526,5/13/2016 0:00
527,5/14/2016 0:00
528,5/15/2016 0:00
529,5/16/2016 0:00
530,5/17/2016 0:00
531,5/18/2016 0:00
532,5/19/2016 0:00
533,5/20/2016 0:00
534,5/21/2016 0:00
535,5/22/2016 0:00
536,5/23/2016 0:00
537,5/24/2016 0:00
538,5/25/2016 0:00
539,5/26/2016 0:00
540,5/27/2016 0:00
541,5/28/2016 0:00
542,5/29/2016 0:00
543,5/30/2016 0:00
544,5/31/2016 0:00
545,6/1/2016 0:00
546,6/2/2016 0:00
547,6/3/2016 0:00
548,6/4/2016 0:00
549,6/5/2016 0:00
550,6/6/2016 0:00
551,6/7/2016 0:00
552,6/8/2016 0:00
553,6/9/2016 0:00
554,6/10/2016 0:00
555,6/11/2016 0:00
556,6/12/2016 0:00
557,6/13/2016 0:00
558,6/14/2016 0:00
559,6/15/2016 0:00
560,6/16/2016 0:00
561,6/17/2016 0:00
562,6/18/2016 0:00
563,6/19/2016 0:00
564,6/20/2016 0:00
565,6/21/2016 0:00
566,6/22/2016 0:00
567,6/23/2016 0:00
568,6/24/2016 0:00
569,6/25/2016 0:00
570,6/26/2016 0:00
571,6/27/2016 0:00
572,6/28/2016 0:00
573,6/29/2016 0:00
574,6/30/2016 0:00
575,7/1/2016 0:00
576,7/2/2016 0:00
577,7/3/2016 0:00
578,7/4/2016 0:00
579,7/5/2016 0:00
580,7/6/2016 0:00
581,7/7/2016 0:00
582,7/8/2016 0:00
583,7/9/2016 0:00
584,7/10/2016 0:00
585,7/11/2016 0:00
586,7/12/2016 0:00
587,7/13/2016 0:00
588,7/14/2016 0:00
589,7/15/2016 0:00
590,7/16/2016 0:00
591,7/17/2016 0:00
592,7/18/2016 0:00
593,7/19/2016 0:00
594,7/20/2016 0:00
595,7/21/2016 0:00
596,7/22/2016 0:00
597,7/23/2016 0:00
598,7/24/2016 0:00
599,7/25/2016 0:00
600,7/26/2016 0:00
601,7/27/2016 0:00
602,7/28/2016 0:00
603,7/29/2016 0:00
604,7/30/2016 0:00
605,7/31/2016 0:00
606,8/1/2016 0:00
607,8/2/2016 0:00
608,8/3/2016 0:00
609,8/4/2016 0:00
610,8/5/2016 0:00
611,8/6/2016 0:00
612,8/7/2016 0:00
613,8/8/2016 0:00
614,8/9/2016 0:00
615,8/10/2016 0:00
616,8/11/2016 0:00
617,8/12/2016 0:00
618,8/13/2016 0:00
619,8/14/2016 0:00
620,8/15/2016 0:00
621,8/16/2016 0:00
622,8/17/2016 0:00
623,8/18/2016 0:00
624,8/19/2016 0:00
625,8/20/2016 0:00
626,8/21/2016 0:00
627,8/22/2016 0:00
628,8/23/2016 0:00
629,8/24/2016 0:00
630,8/25/2016 0:00
631,8/26/2016 0:00
632,8/27/2016 0:00
633,8/28/2016 0:00
634,8/29/2016 0:00
635,8/30/2016 0:00
636,8/31/2016 0:00
637,9/1/2016 0:00
638,9/2/2016 0:00
639,9/3/2016 0:00
640,9/4/2016 0:00
641,9/5/2016 0:00
642,9/6/2016 0:00
643,9/7/2016 0:00
644,9/8/2016 0:00
645,9/9/2016 0:00
646,9/10/2016 0:00
647,9/11/2016 0:00
648,9/12/2016 0:00
649,9/13/2016 0:00
650,9/14/2016 0:00
651,9/15/2016 0:00
652,9/16/2016 0:00
653,9/17/2016 0:00
654,9/18/2016 0:00
655,9/19/2016 0:00
656,9/20/2016 0:00
657,9/21/2016 0:00
658,9/22/2016 0:00
659,9/23/2016 0:00
660,9/24/2016 0:00
661,9/25/2016 0:00
662,9/26/2016 0:00
663,9/27/2016 0:00
664,9/28/2016 0:00
665,9/29/2016 0:00
666,9/30/2016 0:00
667,10/1/2016 0:00
668,10/2/2016 0:00
669,10/3/2016 0:00
670,10/4/2016 0:00
671,10/5/2016 0:00
672,10/6/2016 0:00
673,10/7/2016 0:00
674,10/8/2016 0:00
675,10/9/2016 0:00
676,10/10/2016 0:00
677,10/11/2016 0:00
678,10/12/2016 0:00
679,10/13/2016 0:00
680,10/14/2016 0:00
681,10/15/2016 0:00
682,10/16/2016 0:00
683,10/17/2016 0:00
684,10/18/2016 0:00
685,10/19/2016 0:00
686,10/20/2016 0:00
687,10/21/2016 0:00
688,10/22/2016 0:00
689,10/23/2016 0:00
690,10/24/2016 0:00
691,10/25/2016 0:00
692,10/26/2016 0:00
693,10/27/2016 0:00
694,10/28/2016 0:00
695,10/29/2016 0:00
696,10/30/2016 0:00
697,10/31/2016 0:00
698,11/1/2016 0:00
699,11/2/2016 0:00
700,11/3/2016 0:00
701,11/4/2016 0:00
702,11/5/2016 0:00
703,11/6/2016 0:00
704,11/7/2016 0:00
705,11/8/2016 0:00
706,11/9/2016 0:00
707,11/10/2016 0:00
708,11/11/2016 0:00
709,11/12/2016 0:00
710,11/13/2016 0:00
711,11/14/2016 0:00
712,11/15/2016 0:00
713,11/16/2016 0:00
714,11/17/2016 0:00
715,11/18/2016 0:00
716,11/19/2016 0:00
717,11/20/2016 0:00
718,11/21/2016 0:00
719,11/22/2016 0:00
720,11/23/2016 0:00
721,11/24/2016 0:00
722,11/25/2016 0:00
723,11/26/2016 0:00
724,11/27/2016 0:00
725,11/28/2016 0:00
726,11/29/2016 0:00
727,11/30/2016 0:00
728,12/1/2016 0:00
729,12/2/2016 0:00
730,12/3/2016 0:00
731,12/4/2016 0:00
732,12/5/2016 0:00
733,12/6/2016 0:00
734,12/7/2016 0:00
735,12/8/2016 0:00
736,12/9/2016 0:00
737,12/10/2016 0:00
738,12/11/2016 0:00
739,12/12/2016 0:00
740,12/13/2016 0:00
741,12/14/2016 0:00
742,12/15/2016 0:00
743,12/16/2016 0:00
744,12/17/2016 0:00
745,12/18/2016 0:00
746,12/19/2016 0:00
747,12/20/2016 0:00
748,12/21/2016 0:00
749,12/22/2016 0:00
750,12/23/2016 0:00
751,12/24/2016 0:00
752,12/25/2016 0:00
753,12/26/2016 0:00
754,12/27/2016 0:00
755,12/28/2016 0:00
756,12/29/2016 0:00
757,12/30/2016 0:00
758,12/31/2016 0:00
759,1/1/2017 0:00
760,1/2/2017 0:00
761,1/3/2017 0:00
762,1/4/2017 0:00
763,1/5/2017 0:00
764,1/6/2017 0:00
765,1/7/2017 0:00
766,1/8/2017 0:00
767,1/9/2017 0:00
768,1/10/2017 0:00
769,1/11/2017 0:00
770,1/12/2017 0:00
771,1/13/2017 0:00
772,1/14/2017 0:00
773,1/15/2017 0:00
774,1/16/2017 0:00
775,1/17/2017 0:00
776,1/18/2017 0:00
777,1/19/2017 0:00
778,1/20/2017 0:00
779,1/21/2017 0:00
780,1/22/2017 0:00
781,1/23/2017 0:00
782,1/24/2017 0:00
783,1/25/2017 0:00
784,1/26/2017 0:00
785,1/27/2017 0:00
786,1/28/2017 0:00
787,1/29/2017 0:00
788,1/30/2017 0:00
789,1/31/2017 0:00
790,2/1/2017 0:00
791,2/2/2017 0:00
792,2/3/2017 0:00
793,2/4/2017 0:00
794,2/5/2017 0:00
795,2/6/2017 0:00
796,2/7/2017 0:00
797,2/8/2017 0:00
798,2/9/2017 0:00
799,2/10/2017 0:00
800,2/11/2017 0:00
801,2/12/2017 0:00
802,2/13/2017 0:00
803,2/14/2017 0:00
804,2/15/2017 0:00
805,2/16/2017 0:00
806,2/17/2017 0:00
807,2/18/2017 0:00
808,2/19/2017 0:00
809,2/20/2017 0:00
810,2/21/2017 0:00
811,2/22/2017 0:00
812,2/23/2017 0:00
813,2/24/2017 0:00
814,2/25/2017 0:00
815,2/26/2017 0:00
816,2/27/2017 0:00
817,2/28/2017 0:00
818,3/1/2017 0:00
819,3/2/2017 0:00
820,3/3/2017 0:00
821,3/4/2017 0:00
822,3/5/2017 0:00
823,3/6/2017 0:00
824,3/7/2017 0:00
825,3/8/2017 0:00
826,3/9/2017 0:00
827,3/10/2017 0:00
828,3/11/2017 0:00
829,3/12/2017 0:00
830,3/13/2017 0:00
831,3/14/2017 0:00
832,3/15/2017 0:00
833,3/16/2017 0:00
834,3/17/2017 0:00
835,3/18/2017 0:00
836,3/19/2017 0:00
837,3/20/2017 0:00
838,3/21/2017 0:00
839,3/22/2017 0:00
840,3/23/2017 0:00
841,3/24/2017 0:00
842,3/25/2017 0:00
843,3/26/2017 0:00
844,3/27/2017 0:00
845,3/28/2017 0:00
846,3/29/2017 0:00
847,3/30/2017 0:00
848,3/31/2017 0:00
849,4/1/2017 0:00
850,4/2/2017 0:00
851,4/3/2017 0:00
852,4/4/2017 0:00
853,4/5/2017 0:00
854,4/6/2017 0:00
855,4/7/2017 0:00
856,4/8/2017 0:00
857,4/9/2017 0:00
858,4/10/2017 0:00
859,4/11/2017 0:00
860,4/12/2017 0:00
861,4/13/2017 0:00
862,4/14/2017 0:00
863,4/15/2017 0:00
864,4/16/2017 0:00
865,4/17/2017 0:00
866,4/18/2017 0:00
867,4/19/2017 0:00
868,4/20/2017 0:00
869,4/21/2017 0:00
870,4/22/2017 0:00
871,4/23/2017 0:00
872,4/24/2017 0:00
873,4/25/2017 0:00
874,4/26/2017 0:00
875,4/27/2017 0:00
876,4/28/2017 0:00
877,4/29/2017 0:00
878,4/30/2017 0:00
879,5/1/2017 0:00
880,5/2/2017 0:00
881,5/3/2017 0:00
882,5/4/2017 0:00
883,5/5/2017 0:00
884,5/6/2017 0:00
885,5/7/2017 0:00
886,5/8/2017 0:00
887,5/9/2017 0:00
888,5/10/2017 0:00
889,5/11/2017 0:00
890,5/12/2017 0:00
891,5/13/2017 0:00
892,5/14/2017 0:00
893,5/15/2017 0:00
894,5/16/2017 0:00
895,5/17/2017 0:00
896,5/18/2017 0:00
897,5/19/2017 0:00
898,5/20/2017 0:00
899,5/21/2017 0:00
900,5/22/2017 0:00
901,5/23/2017 0:00
902,5/24/2017 0:00
903,5/25/2017 0:00
904,5/26/2017 0:00
905,5/27/2017 0:00
906,5/28/2017 0:00
907,5/29/2017 0:00
908,5/30/2017 0:00
909,5/31/2017 0:00
910,6/1/2017 0:00
911,6/2/2017 0:00
912,6/3/2017 0:00
913,6/4/2017 0:00
914,6/5/2017 0:00
915,6/6/2017 0:00
916,6/7/2017 0:00
917,6/8/2017 0:00
918,6/9/2017 0:00
919,6/10/2017 0:00
920,6/11/2017 0:00
921,6/12/2017 0:00
922,6/13/2017 0:00
923,6/14/2017 0:00
924,6/15/2017 0:00
925,6/16/2017 0:00
926,6/17/2017 0:00
927,6/18/2017 0:00
928,6/19/2017 0:00
929,6/20/2017 0:00
930,6/21/2017 0:00
931,6/22/2017 0:00
932,6/23/2017 0:00
933,6/24/2017 0:00
934,6/25/2017 0:00
935,6/26/2017 0:00
936,6/27/2017 0:00
937,6/28/2017 0:00
938,6/29/2017 0:00
939,6/30/2017 0:00
940,7/1/2017 0:00
941,7/2/2017 0:00
942,7/3/2017 0:00
943,7/4/2017 0:00
944,7/5/2017 0:00
945,7/6/2017 0:00
946,7/7/2017 0:00
947,7/8/2017 0:00
948,7/9/2017 0:00
949,7/10/2017 0:00
950,7/11/2017 0:00
951,7/12/2017 0:00
952,7/13/2017 0:00
953,7/14/2017 0:00
954,7/15/2017 0:00
955,7/16/2017 0:00
956,7/17/2017 0:00
957,7/18/2017 0:00
958,7/19/2017 0:00
959,7/20/2017 0:00
960,7/21/2017 0:00
961,7/22/2017 0:00
962,7/23/2017 0:00
963,7/24/2017 0:00
964,7/25/2017 0:00
965,7/26/2017 0:00
966,7/27/2017 0:00
967,7/28/2017 0:00
968,7/29/2017 0:00
969,7/30/2017 0:00
970,7/31/2017 0:00
971,8/1/2017 0:00
972,8/2/2017 0:00
973,8/3/2017 0:00
974,8/4/2017 0:00
975,8/5/2017 0:00
976,8/6/2017 0:00
977,8/7/2017 0:00
978,8/8/2017 0:00
979,8/9/2017 0:00
980,8/10/2017 0:00
981,8/11/2017 0:00
982,8/12/2017 0:00
983,8/13/2017 0:00
984,8/14/2017 0:00
985,8/15/2017 0:00
986,8/16/2017 0:00
987,8/17/2017 0:00
988,8/18/2017 0:00
989,8/19/2017 0:00
990,8/20/2017 0:00
991,8/21/2017 0:00
992,8/22/2017 0:00
993,8/23/2017 0:00
994,8/24/2017 0:00
995,8/25/2017 0:00
996,8/26/2017 0:00
997,8/27/2017 0:00
998,8/28/2017 0:00
999,8/29/2017 0:00
1000,8/30/2017 0:00
1001,8/31/2017 0:00
1002,9/1/2017 0:00
1003,9/2/2017 0:00
1004,9/3/2017 0:00
1005,9/4/2017 0:00
1006,9/5/2017 0:00
1007,9/6/2017 0:00
1008,9/7/2017 0:00
1009,9/8/2017 0:00
1010,9/9/2017 0:00
1011,9/10/2017 0:00
1012,9/11/2017 0:00
1013,9/12/2017 0:00
1014,9/13/2017 0:00
1015,9/14/2017 0:00
1016,9/15/2017 0:00
1017,9/16/2017 0:00
1018,9/17/2017 0:00
1019,9/18/2017 0:00
1020,9/19/2017 0:00
1021,9/20/2017 0:00
1022,9/21/2017 0:00
1023,9/22/2017 0:00
1024,9/23/2017 0:00
1025,9/24/2017 0:00
1026,9/25/2017 0:00
1027,9/26/2017 0:00
1028,9/27/2017 0:00
1029,9/28/2017 0:00
1030,9/29/2017 0:00
1031,9/30/2017 0:00
1032,10/1/2017 0:00
1033,10/2/2017 0:00
1034,10/3/2017 0:00
1035,10/4/2017 0:00
1036,10/5/2017 0:00
1037,10/6/2017 0:00
1038,10/7/2017 0:00
1039,10/8/2017 0:00
1040,10/9/2017 0:00
1041,10/10/2017 0:00
1042,10/11/2017 0:00
1043,10/12/2017 0:00
1044,10/13/2017 0:00
1045,10/14/2017 0:00
1046,10/15/2017 0:00
1047,10/16/2017 0:00
1048,10/17/2017 0:00
1049,10/18/2017 0:00
1050,10/19/2017 0:00
1051,10/20/2017 0:00
1052,10/21/2017 0:00
1053,10/22/2017 0:00
1054,10/23/2017 0:00
1055,10/24/2017 0:00
1056,10/25/2017 0:00
1057,10/26/2017 0:00
1058,10/27/2017 0:00
1059,10/28/2017 0:00
1060,10/29/2017 0:00
1061,10/30/2017 0:00
1062,10/31/2017 0:00
1063,11/1/2017 0:00
1064,11/2/2017 0:00
1065,11/3/2017 0:00
1066,11/4/2017 0:00
1067,11/5/2017 0:00
1068,11/6/2017 0:00
1069,11/7/2017 0:00
1070,11/8/2017 0:00
1071,11/9/2017 0:00
1072,11/10/2017 0:00
1073,11/11/2017 0:00
1074,11/12/2017 0:00
1075,11/13/2017 0:00
1076,11/14/2017 0:00
1077,11/15/2017 0:00
1078,11/16/2017 0:00
1079,11/17/2017 0:00
1080,11/18/2017 0:00
1081,11/19/2017 0:00
1082,11/20/2017 0:00
1083,11/21/2017 0:00
1084,11/22/2017 0:00
1085,11/23/2017 0:00
1086,11/24/2017 0:00
1087,11/25/2017 0:00
1088,11/26/2017 0:00
1089,11/27/2017 0:00
1090,11/28/2017 0:00
1091,11/29/2017 0:00
1092,11/30/2017 0:00
1093,12/1/2017 0:00
1094,12/2/2017 0:00
1095,12/3/2017 0:00
1096,12/4/2017 0:00
1097,12/5/2017 0:00
1098,12/6/2017 0:00
1099,12/7/2017 0:00
1100,12/8/2017 0:00
1101,12/9/2017 0:00
1102,12/10/2017 0:00
1103,12/11/2017 0:00
1104,12/12/2017 0:00
1105,12/13/2017 0:00
1106,12/14/2017 0:00
1107,12/15/2017 0:00
1108,12/16/2017 0:00
1109,12/17/2017 0:00
1110,12/18/2017 0:00
1111,12/19/2017 0:00
1112,12/20/2017 0:00
1113,12/21/2017 0:00
1114,12/22/2017 0:00
1115,12/23/2017 0:00
1116,12/24/2017 0:00
1117,12/25/2017 0:00
1118,12/26/2017 0:00
1119,12/27/2017 0:00
1120,12/28/2017 0:00
1121,12/29/2017 0:00
1122,12/30/2017 0:00
1123,12/31/2017 0:00
1124,1/1/2018 0:00
1125,1/2/2018 0:00
1126,1/3/2018 0:00
1127,1/4/2018 0:00
1128,1/5/2018 0:00
1129,1/6/2018 0:00
1130,1/7/2018 0:00
1131,1/8/2018 0:00
1132,1/9/2018 0:00
1133,1/10/2018 0:00
1134,1/11/2018 0:00
1135,1/12/2018 0:00
1136,1/13/2018 0:00
1137,1/14/2018 0:00
1138,1/15/2018 0:00
1139,1/16/2018 0:00
1140,1/17/2018 0:00
1141,1/18/2018 0:00
1142,1/19/2018 0:00
1143,1/20/2018 0:00
1144,1/21/2018 0:00
1145,1/22/2018 0:00
1146,1/23/2018 0:00
1147,1/24/2018 0:00
1148,1/25/2018 0:00
1149,1/26/2018 0:00
1150,1/27/2018 0:00
1151,1/28/2018 0:00
1152,1/29/2018 0:00
1153,1/30/2018 0:00
1154,1/31/2018 0:00
1155,2/1/2018 0:00
1156,2/2/2018 0:00
1157,2/3/2018 0:00
1158,2/4/2018 0:00
1159,2/5/2018 0:00
1160,2/6/2018 0:00
1161,2/7/2018 0:00
1162,2/8/2018 0:00
1163,2/9/2018 0:00
1164,2/10/2018 0:00
1165,2/11/2018 0:00
1166,2/12/2018 0:00
1167,2/13/2018 0:00
1168,2/14/2018 0:00
1169,2/15/2018 0:00
1170,2/16/2018 0:00
1171,2/17/2018 0:00
1172,2/18/2018 0:00
1173,2/19/2018 0:00
1174,2/20/2018 0:00
1175,2/21/2018 0:00
1176,2/22/2018 0:00
1177,2/23/2018 0:00
1178,2/24/2018 0:00
1179,2/25/2018 0:00
1180,2/26/2018 0:00
1181,2/27/2018 0:00
1182,2/28/2018 0:00
1183,3/1/2018 0:00
1184,3/2/2018 0:00
1185,3/3/2018 0:00
1186,3/4/2018 0:00
1187,3/5/2018 0:00
1188,3/6/2018 0:00
1189,3/7/2018 0:00
1190,3/8/2018 0:00
1191,3/9/2018 0:00
1192,3/10/2018 0:00
1193,3/11/2018 0:00
1194,3/12/2018 0:00
1195,3/13/2018 0:00
1196,3/14/2018 0:00
1197,3/15/2018 0:00
1198,3/16/2018 0:00
1199,3/17/2018 0:00
1200,3/18/2018 0:00
1201,3/19/2018 0:00
1202,3/20/2018 0:00
1203,3/21/2018 0:00
1204,3/22/2018 0:00
1205,3/23/2018 0:00
1206,3/24/2018 0:00
1207,3/25/2018 0:00
1208,3/26/2018 0:00
1209,3/27/2018 0:00
1210,3/28/2018 0:00
1211,3/29/2018 0:00
1212,3/30/2018 0:00
1213,3/31/2018 0:00
1214,4/1/2018 0:00
1215,4/2/2018 0:00
1216,4/3/2018 0:00
1217,4/4/2018 0:00
1218,4/5/2018 0:00
1219,4/6/2018 0:00
1220,4/7/2018 0:00
1221,4/8/2018 0:00
1222,4/9/2018 0:00
1223,4/10/2018 0:00
1224,4/11/2018 0:00
1225,4/12/2018 0:00
1226,4/13/2018 0:00
1227,4/14/2018 0:00
1228,4/15/2018 0:00
1229,4/16/2018 0:00
1230,4/17/2018 0:00
1231,4/18/2018 0:00
1232,4/19/2018 0:00
1233,4/20/2018 0:00
1234,4/21/2018 0:00
1235,4/22/2018 0:00
1236,4/23/2018 0:00
1237,4/24/2018 0:00
1238,4/25/2018 0:00
1239,4/26/2018 0:00
1240,4/27/2018 0:00
1241,4/28/2018 0:00
1242,4/29/2018 0:00
1243,4/30/2018 0:00
1244,5/1/2018 0:00
1245,5/2/2018 0:00
1246,5/3/2018 0:00
1247,5/4/2018 0:00
1248,5/5/2018 0:00
1249,5/6/2018 0:00
1250,5/7/2018 0:00
1251,5/8/2018 0:00
1252,5/9/2018 0:00
1253,5/10/2018 0:00
1254,5/11/2018 0:00
1255,5/12/2018 0:00
1256,5/13/2018 0:00
1257,5/14/2018 0:00
1258,5/15/2018 0:00
1259,5/16/2018 0:00
1260,5/17/2018 0:00
1261,5/18/2018 0:00
1262,5/19/2018 0:00
1263,5/20/2018 0:00
1264,5/21/2018 0:00
1265,5/22/2018 0:00
1266,5/23/2018 0:00
1267,5/24/2018 0:00
1268,5/25/2018 0:00
1269,5/26/2018 0:00
1270,5/27/2018 0:00
1271,5/28/2018 0:00
1272,5/29/2018 0:00
1273,5/30/2018 0:00
1274,5/31/2018 0:00
1275,6/1/2018 0:00
1276,6/2/2018 0:00
1277,6/3/2018 0:00
1278,6/4/2018 0:00
1279,6/5/2018 0:00
1280,6/6/2018 0:00
1281,6/7/2018 0:00
1282,6/8/2018 0:00
1283,6/9/2018 0:00
1284,6/10/2018 0:00
1285,6/11/2018 0:00
1286,6/12/2018 0:00
1287,6/13/2018 0:00
1288,6/14/2018 0:00
1289,6/15/2018 0:00
1290,6/16/2018 0:00
1291,6/17/2018 0:00
1292,6/18/2018 0:00
1293,6/19/2018 0:00
1294,6/20/2018 0:00
1295,6/21/2018 0:00
1296,6/22/2018 0:00
1297,6/23/2018 0:00
1298,6/24/2018 0:00
1299,6/25/2018 0:00
1300,6/26/2018 0:00
1301,6/27/2018 0:00
1302,6/28/2018 0:00
1303,6/29/2018 0:00
1304,6/30/2018 0:00
1305,7/1/2018 0:00
1306,7/2/2018 0:00
1307,7/3/2018 0:00
1308,7/4/2018 0:00
1309,7/5/2018 0:00
1310,7/6/2018 0:00
1311,7/7/2018 0:00
1312,7/8/2018 0:00
1313,7/9/2018 0:00
1314,7/10/2018 0:00
1315,7/11/2018 0:00
1316,7/12/2018 0:00
1317,7/13/2018 0:00
1318,7/14/2018 0:00
1319,7/15/2018 0:00
1320,7/16/2018 0:00
1321,7/17/2018 0:00
1322,7/18/2018 0:00
1323,7/19/2018 0:00
1324,7/20/2018 0:00
1325,7/21/2018 0:00
1326,7/22/2018 0:00
1327,7/23/2018 0:00
1328,7/24/2018 0:00
1329,7/25/2018 0:00
1330,7/26/2018 0:00
1331,7/27/2018 0:00
1332,7/28/2018 0:00
1333,7/29/2018 0:00
1334,7/30/2018 0:00
1335,7/31/2018 0:00
1336,8/1/2018 0:00
1337,8/2/2018 0:00
1338,8/3/2018 0:00
1339,8/4/2018 0:00
1340,8/5/2018 0:00
1341,8/6/2018 0:00
1342,8/7/2018 0:00
1343,8/8/2018 0:00
1344,8/9/2018 0:00
1345,8/10/2018 0:00
1346,8/11/2018 0:00
1347,8/12/2018 0:00
1348,8/13/2018 0:00
1349,8/14/2018 0:00
1350,8/15/2018 0:00
1351,8/16/2018 0:00
1352,8/17/2018 0:00
1353,8/18/2018 0:00
1354,8/19/2018 0:00
1355,8/20/2018 0:00
1356,8/21/2018 0:00
1357,8/22/2018 0:00
1358,8/23/2018 0:00
1359,8/24/2018 0:00
1360,8/25/2018 0:00
1361,8/26/2018 0:00
1362,8/27/2018 0:00
1363,8/28/2018 0:00
1364,8/29/2018 0:00
1365,8/30/2018 0:00
1366,8/31/2018 0:00
1367,9/1/2018 0:00
1368,9/2/2018 0:00
1369,9/3/2018 0:00
1370,9/4/2018 0:00
1371,9/5/2018 0:00
1372,9/6/2018 0:00
1373,9/7/2018 0:00
1374,9/8/2018 0:00
1375,9/9/2018 0:00
1376,9/10/2018 0:00
1377,9/11/2018 0:00
1378,9/12/2018 0:00
1379,9/13/2018 0:00
1380,9/14/2018 0:00
1381,9/15/2018 0:00
1382,9/16/2018 0:00
1383,9/17/2018 0:00
1384,9/18/2018 0:00
1385,9/19/2018 0:00
1386,9/20/2018 0:00
1387,9/21/2018 0:00
1388,9/22/2018 0:00
1389,9/23/2018 0:00
1390,9/24/2018 0:00
1391,9/25/2018 0:00
1392,9/26/2018 0:00
1393,9/27/2018 0:00
1394,9/28/2018 0:00
1395,9/29/2018 0:00
1396,9/30/2018 0:00
1397,10/1/2018 0:00
1398,10/2/2018 0:00
1399,10/3/2018 0:00
1400,10/4/2018 0:00
1401,10/5/2018 0:00
1402,10/6/2018 0:00
1403,10/7/2018 0:00
1404,10/8/2018 0:00
1405,10/9/2018 0:00
1406,10/10/2018 0:00
1407,10/11/2018 0:00
1408,10/12/2018 0:00
1409,10/13/2018 0:00
1410,10/14/2018 0:00
1411,10/15/2018 0:00
1412,10/16/2018 0:00
1413,10/17/2018 0:00
1414,10/18/2018 0:00
1415,10/19/2018 0:00
1416,10/20/2018 0:00
1417,10/21/2018 0:00
1418,10/22/2018 0:00
1419,10/23/2018 0:00
1420,10/24/2018 0:00
1421,10/25/2018 0:00
1422,10/26/2018 0:00
1423,10/27/2018 0:00
1424,10/28/2018 0:00
1425,10/29/2018 0:00
1426,10/30/2018 0:00
1427,10/31/2018 0:00
1428,11/1/2018 0:00
1429,11/2/2018 0:00
1430,11/3/2018 0:00
1431,11/4/2018 0:00
1432,11/5/2018 0:00
1433,11/6/2018 0:00
1434,11/7/2018 0:00
1435,11/8/2018 0:00
1436,11/9/2018 0:00
1437,11/10/2018 0:00
1438,11/11/2018 0:00
1439,11/12/2018 0:00
1440,11/13/2018 0:00
1441,11/14/2018 0:00
1442,11/15/2018 0:00
1443,11/16/2018 0:00
1444,11/17/2018 0:00
1445,11/18/2018 0:00
1446,11/19/2018 0:00
1447,11/20/2018 0:00
1448,11/21/2018 0:00
1449,11/22/2018 0:00
1450,11/23/2018 0:00
1451,11/24/2018 0:00
1452,11/25/2018 0:00
1453,11/26/2018 0:00
1454,11/27/2018 0:00
1455,11/28/2018 0:00
1456,11/29/2018 0:00
1457,11/30/2018 0:00
1458,12/1/2018 0:00
1459,12/2/2018 0:00
1460,12/3/2018 0:00
1461,12/4/2018 0:00
1462,12/5/2018 0:00
1463,12/6/2018 0:00
1464,12/7/2018 0:00
1465,12/8/2018 0:00
1466,12/9/2018 0:00
1467,12/10/2018 0:00
1468,12/11/2018 0:00
1469,12/12/2018 0:00
1470,12/13/2018 0:00
1471,12/14/2018 0:00
1472,12/15/2018 0:00
1473,12/16/2018 0:00
1474,12/17/2018 0:00
1475,12/18/2018 0:00
1476,12/19/2018 0:00
1477,12/20/2018 0:00
1478,12/21/2018 0:00
1479,12/22/2018 0:00
1480,12/23/2018 0:00
1481,12/24/2018 0:00
1482,12/25/2018 0:00
1483,12/26/2018 0:00
1484,12/27/2018 0:00
1485,12/28/2018 0:00
1486,12/29/2018 0:00
1487,12/30/2018 0:00
1488,12/31/2018 0:00
1489,1/1/2019 0:00
1490,1/2/2019 0:00
1491,1/3/2019 0:00
1492,1/4/2019 0:00
1493,1/5/2019 0:00
1494,1/6/2019 0:00
1495,1/7/2019 0:00
1496,1/8/2019 0:00
1497,1/9/2019 0:00
1498,1/10/2019 0:00
1499,1/11/2019 0:00
1500,1/12/2019 0:00
1501,1/13/2019 0:00
1502,1/14/2019 0:00
1503,1/15/2019 0:00
1504,1/16/2019 0:00
1505,1/17/2019 0:00
1506,1/18/2019 0:00
1507,1/19/2019 0:00
1508,1/20/2019 0:00
1509,1/21/2019 0:00
1510,1/22/2019 0:00
1511,1/23/2019 0:00
1512,1/24/2019 0:00
1513,1/25/2019 0:00
1514,1/26/2019 0:00
1515,1/27/2019 0:00
1516,1/28/2019 0:00
1517,1/29/2019 0:00
1518,1/30/2019 0:00
1519,1/31/2019 0:00
1520,2/1/2019 0:00
1521,2/2/2019 0:00
1522,2/3/2019 0:00
1523,2/4/2019 0:00
1524,2/5/2019 0:00
1525,2/6/2019 0:00
1526,2/7/2019 0:00
1527,2/8/2019 0:00
1528,2/9/2019 0:00
1529,2/10/2019 0:00
1530,2/11/2019 0:00
1531,2/12/2019 0:00
1532,2/13/2019 0:00
1533,2/14/2019 0:00
1534,2/15/2019 0:00
1535,2/16/2019 0:00
1536,2/17/2019 0:00
1537,2/18/2019 0:00
1538,2/19/2019 0:00
1539,2/20/2019 0:00
1540,2/21/2019 0:00
1541,2/22/2019 0:00
1542,2/23/2019 0:00
1543,2/24/2019 0:00
1544,2/25/2019 0:00
1545,2/26/2019 0:00
1546,2/27/2019 0:00
1547,2/28/2019 0:00
1548,3/1/2019 0:00
1549,3/2/2019 0:00
1550,3/3/2019 0:00
1551,3/4/2019 0:00
1552,3/5/2019 0:00
1553,3/6/2019 0:00
1554,3/7/2019 0:00
1555,3/8/2019 0:00
1556,3/9/2019 0:00
1557,3/10/2019 0:00
1558,3/11/2019 0:00
1559,3/12/2019 0:00
1560,3/13/2019 0:00
1561,3/14/2019 0:00
1562,3/15/2019 0:00
1563,3/16/2019 0:00
1564,3/17/2019 0:00
1565,3/18/2019 0:00
1566,3/19/2019 0:00
1567,3/20/2019 0:00
1568,3/21/2019 0:00
1569,3/22/2019 0:00
1570,3/23/2019 0:00
1571,3/24/2019 0:00
1572,3/25/2019 0:00
1573,3/26/2019 0:00
1574,3/27/2019 0:00
1575,3/28/2019 0:00
1576,3/29/2019 0:00
1577,3/30/2019 0:00
1578,3/31/2019 0:00
1579,4/1/2019 0:00
1580,4/2/2019 0:00
1581,4/3/2019 0:00
1582,4/4/2019 0:00
1583,4/5/2019 0:00
1584,4/6/2019 0:00
1585,4/7/2019 0:00
1586,4/8/2019 0:00
1587,4/9/2019 0:00
1588,4/10/2019 0:00
1589,4/11/2019 0:00
1590,4/12/2019 0:00
1591,4/13/2019 0:00
1592,4/14/2019 0:00
1593,4/15/2019 0:00
1594,4/16/2019 0:00
1595,4/17/2019 0:00
1596,4/18/2019 0:00
1597,4/19/2019 0:00
1598,4/20/2019 0:00
1599,4/21/2019 0:00
1600,4/22/2019 0:00
1601,4/23/2019 0:00
1602,4/24/2019 0:00
1603,4/25/2019 0:00
1604,4/26/2019 0:00
1605,4/27/2019 0:00
1606,4/28/2019 0:00
1607,4/29/2019 0:00
1608,4/30/2019 0:00
1609,5/1/2019 0:00
1610,5/2/2019 0:00
1611,5/3/2019 0:00
1612,5/4/2019 0:00
1613,5/5/2019 0:00
1614,5/6/2019 0:00
1615,5/7/2019 0:00
1616,5/8/2019 0:00
1617,5/9/2019 0:00
1618,5/10/2019 0:00
1619,5/11/2019 0:00
1620,5/12/2019 0:00
1621,5/13/2019 0:00
1622,5/14/2019 0:00
1623,5/15/2019 0:00
1624,5/16/2019 0:00
1625,5/17/2019 0:00
1626,5/18/2019 0:00
1627,5/19/2019 0:00
1628,5/20/2019 0:00
1629,5/21/2019 0:00
1630,5/22/2019 0:00
1631,5/23/2019 0:00
1632,5/24/2019 0:00
1633,5/25/2019 0:00
1634,5/26/2019 0:00
1635,5/27/2019 0:00
1636,5/28/2019 0:00
1637,5/29/2019 0:00
1638,5/30/2019 0:00
1639,5/31/2019 0:00
1640,6/1/2019 0:00
1641,6/2/2019 0:00
1642,6/3/2019 0:00
1643,6/4/2019 0:00
1644,6/5/2019 0:00
1645,6/6/2019 0:00
1646,6/7/2019 0:00
1647,6/8/2019 0:00
1648,6/9/2019 0:00
1649,6/10/2019 0:00
1650,6/11/2019 0:00
1651,6/12/2019 0:00
1652,6/13/2019 0:00
1653,6/14/2019 0:00
1654,6/15/2019 0:00
1655,6/16/2019 0:00
1656,6/17/2019 0:00
1657,6/18/2019 0:00
1658,6/19/2019 0:00
1659,6/20/2019 0:00
1660,6/21/2019 0:00
1661,6/22/2019 0:00
1662,6/23/2019 0:00
1663,6/24/2019 0:00
1664,6/25/2019 0:00
1665,6/26/2019 0:00
1666,6/27/2019 0:00
1667,6/28/2019 0:00
1668,6/29/2019 0:00
1669,6/30/2019 0:00
1670,7/1/2019 0:00
1671,7/2/2019 0:00
1672,7/3/2019 0:00
1673,7/4/2019 0:00
1674,7/5/2019 0:00
1675,7/6/2019 0:00
1676,7/7/2019 0:00
1677,7/8/2019 0:00
1678,7/9/2019 0:00
1679,7/10/2019 0:00
1680,7/11/2019 0:00
1681,7/12/2019 0:00
1682,7/13/2019 0:00
1683,7/14/2019 0:00
1684,7/15/2019 0:00
1685,7/16/2019 0:00
1686,7/17/2019 0:00
1687,7/18/2019 0:00
1688,7/19/2019 0:00
1689,7/20/2019 0:00
1690,7/21/2019 0:00
1691,7/22/2019 0:00
1692,7/23/2019 0:00
1693,7/24/2019 0:00
1694,7/25/2019 0:00
1695,7/26/2019 0:00
1696,7/27/2019 0:00
1697,7/28/2019 0:00
1698,7/29/2019 0:00
1699,7/30/2019 0:00
1700,7/31/2019 0:00
1701,8/1/2019 0:00
1702,8/2/2019 0:00
1703,8/3/2019 0:00
1704,8/4/2019 0:00
1705,8/5/2019 0:00
1706,8/6/2019 0:00
1707,8/7/2019 0:00
1708,8/8/2019 0:00
1709,8/9/2019 0:00
1710,8/10/2019 0:00
1711,8/11/2019 0:00
1712,8/12/2019 0:00
1713,8/13/2019 0:00
1714,8/14/2019 0:00
1715,8/15/2019 0:00
1716,8/16/2019 0:00
1717,8/17/2019 0:00
1718,8/18/2019 0:00
1719,8/19/2019 0:00
1720,8/20/2019 0:00
1721,8/21/2019 0:00
1722,8/22/2019 0:00
1723,8/23/2019 0:00
1724,8/24/2019 0:00
1725,8/25/2019 0:00
1726,8/26/2019 0:00
1727,8/27/2019 0:00
1728,8/28/2019 0:00
1729,8/29/2019 0:00
1730,8/30/2019 0:00
1731,8/31/2019 0:00
1732,9/1/2019 0:00
1733,9/2/2019 0:00
1734,9/3/2019 0:00
1735,9/4/2019 0:00
1736,9/5/2019 0:00
1737,9/6/2019 0:00
1738,9/7/2019 0:00
1739,9/8/2019 0:00
1740,9/9/2019 0:00
1741,9/10/2019 0:00
1742,9/11/2019 0:00
1743,9/12/2019 0:00
1744,9/13/2019 0:00
1745,9/14/2019 0:00
1746,9/15/2019 0:00
1747,9/16/2019 0:00
1748,9/17/2019 0:00
1749,9/18/2019 0:00
1750,9/19/2019 0:00
1751,9/20/2019 0:00
1752,9/21/2019 0:00
1753,9/22/2019 0:00
1754,9/23/2019 0:00
1755,9/24/2019 0:00
1756,9/25/2019 0:00
1757,9/26/2019 0:00
1758,9/27/2019 0:00
1759,9/28/2019 0:00
1760,9/29/2019 0:00
1761,9/30/2019 0:00
1762,10/1/2019 0:00
1763,10/2/2019 0:00
1764,10/3/2019 0:00
1765,10/4/2019 0:00
1766,10/5/2019 0:00
1767,10/6/2019 0:00
1768,10/7/2019 0:00
1769,10/8/2019 0:00
1770,10/9/2019 0:00
1771,10/10/2019 0:00
1772,10/11/2019 0:00
1773,10/12/2019 0:00
1774,10/13/2019 0:00
1775,10/14/2019 0:00
1776,10/15/2019 0:00
1777,10/16/2019 0:00
1778,10/17/2019 0:00
1779,10/18/2019 0:00
1780,10/19/2019 0:00
1781,10/20/2019 0:00
1782,10/21/2019 0:00
1783,10/22/2019 0:00
1784,10/23/2019 0:00
1785,10/24/2019 0:00
1786,10/25/2019 0:00
1787,10/26/2019 0:00
1788,10/27/2019 0:00
1789,10/28/2019 0:00
1790,10/29/2019 0:00
1791,10/30/2019 0:00
1792,10/31/2019 0:00
1793,11/1/2019 0:00
1794,11/2/2019 0:00
1795,11/3/2019 0:00
1796,11/4/2019 0:00
1797,11/5/2019 0:00
1798,11/6/2019 0:00
1799,11/7/2019 0:00
1800,11/8/2019 0:00
1801,11/9/2019 0:00
1802,11/10/2019 0:00
1803,11/11/2019 0:00
1804,11/12/2019 0:00
1805,11/13/2019 0:00
1806,11/14/2019 0:00
1807,11/15/2019 0:00
1808,11/16/2019 0:00
1809,11/17/2019 0:00
1810,11/18/2019 0:00
1811,11/19/2019 0:00
1812,11/20/2019 0:00
1813,11/21/2019 0:00
1814,11/22/2019 0:00
1815,11/23/2019 0:00
1816,11/24/2019 0:00
1817,11/25/2019 0:00
1818,11/26/2019 0:00
1819,11/27/2019 0:00
1820,11/28/2019 0:00
1821,11/29/2019 0:00
1822,11/30/2019 0:00
1823,12/1/2019 0:00
1824,12/2/2019 0:00
1825,12/3/2019 0:00
1826,12/4/2019 0:00
1827,12/5/2019 0:00
1828,12/6/2019 0:00
1829,12/7/2019 0:00
1830,12/8/2019 0:00
1831,12/9/2019 0:00
1832,12/10/2019 0:00
1833,12/11/2019 0:00
1834,12/12/2019 0:00
1835,12/13/2019 0:00
1836,12/14/2019 0:00
1837,12/15/2019 0:00
1838,12/16/2019 0:00
1839,12/17/2019 0:00
1840,12/18/2019 0:00
1841,12/19/2019 0:00
1842,12/20/2019 0:00
1843,12/21/2019 0:00
1844,12/22/2019 0:00
1845,12/23/2019 0:00
1846,12/24/2019 0:00
1847,12/25/2019 0:00
1848,12/26/2019 0:00
1849,12/27/2019 0:00
1850,12/28/2019 0:00
1851,12/29/2019 0:00
1852,12/30/2019 0:00
1853,12/31/2019 0:00
1854,1/1/2020 0:00
1855,1/2/2020 0:00
1856,1/3/2020 0:00
1857,1/4/2020 0:00
1858,1/5/2020 0:00
1859,1/6/2020 0:00
1860,1/7/2020 0:00
1861,1/8/2020 0:00
1862,1/9/2020 0:00
1863,1/10/2020 0:00
1864,1/11/2020 0:00
1865,1/12/2020 0:00
1866,1/13/2020 0:00
1867,1/14/2020 0:00
1868,1/15/2020 0:00
1869,1/16/2020 0:00
1870,1/17/2020 0:00
1871,1/18/2020 0:00
1872,1/19/2020 0:00
1873,1/20/2020 0:00
1874,1/21/2020 0:00
1875,1/22/2020 0:00
1876,1/23/2020 0:00
1877,1/24/2020 0:00
1878,1/25/2020 0:00
1879,1/26/2020 0:00
1880,1/27/2020 0:00
1881,1/28/2020 0:00
1882,1/29/2020 0:00
1883,1/30/2020 0:00
1884,1/31/2020 0:00
1885,2/1/2020 0:00
1886,2/2/2020 0:00
1887,2/3/2020 0:00
1888,2/4/2020 0:00
1889,2/5/2020 0:00
1890,2/6/2020 0:00
1891,2/7/2020 0:00
1892,2/8/2020 0:00
1893,2/9/2020 0:00
1894,2/10/2020 0:00
1895,2/11/2020 0:00
1896,2/12/2020 0:00
1897,2/13/2020 0:00
1898,2/14/2020 0:00
1899,2/15/2020 0:00
1900,2/16/2020 0:00
1901,2/17/2020 0:00
1902,2/18/2020 0:00
1903,2/19/2020 0:00
1904,2/20/2020 0:00
1905,2/21/2020 0:00
1906,2/22/2020 0:00
1907,2/23/2020 0:00
1908,2/24/2020 0:00
1909,2/25/2020 0:00
1910,2/26/2020 0:00
1911,2/27/2020 0:00
1912,2/28/2020 0:00
1913,2/29/2020 0:00
1914,3/1/2020 0:00
1915,3/2/2020 0:00
1916,3/3/2020 0:00
1917,3/4/2020 0:00
1918,3/5/2020 0:00
1919,3/6/2020 0:00
1920,3/7/2020 0:00
1921,3/8/2020 0:00
1922,3/9/2020 0:00
1923,3/10/2020 0:00
1924,3/11/2020 0:00
1925,3/12/2020 0:00
1926,3/13/2020 0:00
1927,3/14/2020 0:00
1928,3/15/2020 0:00
1929,3/16/2020 0:00
1930,3/17/2020 0:00
1931,3/18/2020 0:00
1932,3/19/2020 0:00
1933,3/20/2020 0:00
1934,3/21/2020 0:00
1935,3/22/2020 0:00
1936,3/23/2020 0:00
1937,3/24/2020 0:00
1938,3/25/2020 0:00
1939,3/26/2020 0:00
1940,3/27/2020 0:00
1941,3/28/2020 0:00
1942,3/29/2020 0:00
1943,3/30/2020 0:00
1944,3/31/2020 0:00
1945,4/1/2020 0:00
1946,4/2/2020 0:00
1947,4/3/2020 0:00
1948,4/4/2020 0:00
1949,4/5/2020 0:00
1950,4/6/2020 0:00
1951,4/7/2020 0:00
1952,4/8/2020 0:00
1953,4/9/2020 0:00
1954,4/10/2020 0:00
1955,4/11/2020 0:00
1956,4/12/2020 0:00
1957,4/13/2020 0:00
1958,4/14/2020 0:00
1959,4/15/2020 0:00
1960,4/16/2020 0:00
1961,4/17/2020 0:00
1962,4/18/2020 0:00
1963,4/19/2020 0:00
1964,4/20/2020 0:00
1965,4/21/2020 0:00
1966,4/22/2020 0:00
1967,4/23/2020 0:00
1968,4/24/2020 0:00
1969,4/25/2020 0:00
1970,4/26/2020 0:00
1971,4/27/2020 0:00
1972,4/28/2020 0:00
1973,4/29/2020 0:00
1974,4/30/2020 0:00
1975,5/1/2020 0:00
1976,5/2/2020 0:00
1977,5/3/2020 0:00
1978,5/4/2020 0:00
1979,5/5/2020 0:00
1980,5/6/2020 0:00
1981,5/7/2020 0:00
1982,5/8/2020 0:00
1983,5/9/2020 0:00
1984,5/10/2020 0:00
1985,5/11/2020 0:00
1986,5/12/2020 0:00
1987,5/13/2020 0:00
1988,5/14/2020 0:00
1989,5/15/2020 0:00
1990,5/16/2020 0:00
1991,5/17/2020 0:00
1992,5/18/2020 0:00
1993,5/19/2020 0:00
1994,5/20/2020 0:00
1995,5/21/2020 0:00
1996,5/22/2020 0:00
1997,5/23/2020 0:00
1998,5/24/2020 0:00
1999,5/25/2020 0:00
2000,5/26/2020 0:00
2001,5/27/2020 0:00
2002,5/28/2020 0:00
2003,5/29/2020 0:00
2004,5/30/2020 0:00
2005,5/31/2020 0:00
2006,6/1/2020 0:00
2007,6/2/2020 0:00
2008,6/3/2020 0:00
2009,6/4/2020 0:00
2010,6/5/2020 0:00
2011,6/6/2020 0:00
2012,6/7/2020 0:00
2013,6/8/2020 0:00
2014,6/9/2020 0:00
2015,6/10/2020 0:00
2016,6/11/2020 0:00
2017,6/12/2020 0:00
2018,6/13/2020 0:00
2019,6/14/2020 0:00
2020,6/15/2020 0:00
2021,6/16/2020 0:00
2022,6/17/2020 0:00
2023,6/18/2020 0:00
2024,6/19/2020 0:00
2025,6/20/2020 0:00
2026,6/21/2020 0:00
2027,6/22/2020 0:00
2028,6/23/2020 0:00
2029,6/24/2020 0:00
2030,6/25/2020 0:00
2031,6/26/2020 0:00
2032,6/27/2020 0:00
2033,6/28/2020 0:00
2034,6/29/2020 0:00
2035,6/30/2020 0:00
2036,7/1/2020 0:00
2037,7/2/2020 0:00
2038,7/3/2020 0:00
2039,7/4/2020 0:00
2040,7/5/2020 0:00
2041,7/6/2020 0:00
2042,7/7/2020 0:00
2043,7/8/2020 0:00
2044,7/9/2020 0:00
2045,7/10/2020 0:00
2046,7/11/2020 0:00
2047,7/12/2020 0:00
2048,7/13/2020 0:00
2049,7/14/2020 0:00
2050,7/15/2020 0:00
2051,7/16/2020 0:00
2052,7/17/2020 0:00
2053,7/18/2020 0:00
2054,7/19/2020 0:00
2055,7/20/2020 0:00
2056,7/21/2020 0:00
2057,7/22/2020 0:00
2058,7/23/2020 0:00
2059,7/24/2020 0:00
2060,7/25/2020 0:00
2061,7/26/2020 0:00
2062,7/27/2020 0:00
2063,7/28/2020 0:00
2064,7/29/2020 0:00
2065,7/30/2020 0:00
2066,7/31/2020 0:00
2067,8/1/2020 0:00
2068,8/2/2020 0:00
2069,8/3/2020 0:00
2070,8/4/2020 0:00
2071,8/5/2020 0:00
2072,8/6/2020 0:00
2073,8/7/2020 0:00
2074,8/8/2020 0:00
2075,8/9/2020 0:00
2076,8/10/2020 0:00
2077,8/11/2020 0:00
2078,8/12/2020 0:00
2079,8/13/2020 0:00
2080,8/14/2020 0:00
2081,8/15/2020 0:00
2082,8/16/2020 0:00
2083,8/17/2020 0:00
2084,8/18/2020 0:00
2085,8/19/2020 0:00
2086,8/20/2020 0:00
2087,8/21/2020 0:00
2088,8/22/2020 0:00
2089,8/23/2020 0:00
2090,8/24/2020 0:00
2091,8/25/2020 0:00
2092,8/26/2020 0:00
2093,8/27/2020 0:00
2094,8/28/2020 0:00
2095,8/29/2020 0:00
2096,8/30/2020 0:00
2097,8/31/2020 0:00
2098,9/1/2020 0:00
2099,9/2/2020 0:00
2100,9/3/2020 0:00
2101,9/4/2020 0:00
2102,9/5/2020 0:00
2103,9/6/2020 0:00
2104,9/7/2020 0:00
2105,9/8/2020 0:00
2106,9/9/2020 0:00
2107,9/10/2020 0:00
2108,9/11/2020 0:00
2109,9/12/2020 0:00
2110,9/13/2020 0:00
2111,9/14/2020 0:00
2112,9/15/2020 0:00
2113,9/16/2020 0:00
2114,9/17/2020 0:00
2115,9/18/2020 0:00
2116,9/19/2020 0:00
2117,9/20/2020 0:00
2118,9/21/2020 0:00
2119,9/22/2020 0:00
2120,9/23/2020 0:00
2121,9/24/2020 0:00
2122,9/25/2020 0:00
2123,9/26/2020 0:00
2124,9/27/2020 0:00
2125,9/28/2020 0:00
2126,9/29/2020 0:00
2127,9/30/2020 0:00
2128,10/1/2020 0:00
2129,10/2/2020 0:00
2130,10/3/2020 0:00
2131,10/4/2020 0:00
2132,10/5/2020 0:00
2133,10/6/2020 0:00
2134,10/7/2020 0:00
2135,10/8/2020 0:00
2136,10/9/2020 0:00
2137,10/10/2020 0:00
2138,10/11/2020 0:00
2139,10/12/2020 0:00
2140,10/13/2020 0:00
2141,10/14/2020 0:00
2142,10/15/2020 0:00
2143,10/16/2020 0:00
2144,10/17/2020 0:00
2145,10/18/2020 0:00
2146,10/19/2020 0:00
2147,10/20/2020 0:00
2148,10/21/2020 0:00
2149,10/22/2020 0:00
2150,10/23/2020 0:00
2151,10/24/2020 0:00
2152,10/25/2020 0:00
2153,10/26/2020 0:00
2154,10/27/2020 0:00
2155,10/28/2020 0:00
2156,10/29/2020 0:00
2157,10/30/2020 0:00
2158,10/31/2020 0:00
2159,11/1/2020 0:00
2160,11/2/2020 0:00
2161,11/3/2020 0:00
2162,11/4/2020 0:00
2163,11/5/2020 0:00
2164,11/6/2020 0:00
2165,11/7/2020 0:00
2166,11/8/2020 0:00
2167,11/9/2020 0:00
2168,11/10/2020 0:00
2169,11/11/2020 0:00
2170,11/12/2020 0:00
2171,11/13/2020 0:00
2172,11/14/2020 0:00
2173,11/15/2020 0:00
2174,11/16/2020 0:00
2175,11/17/2020 0:00
2176,11/18/2020 0:00
2177,11/19/2020 0:00
2178,11/20/2020 0:00
2179,11/21/2020 0:00
2180,11/22/2020 0:00
2181,11/23/2020 0:00
2182,11/24/2020 0:00
2183,11/25/2020 0:00
2184,11/26/2020 0:00
2185,11/27/2020 0:00
2186,11/28/2020 0:00
2187,11/29/2020 0:00
2188,11/30/2020 0:00
2189,12/1/2020 0:00
2190,12/2/2020 0:00
2191,12/3/2020 0:00
2192,12/4/2020 0:00
2193,12/5/2020 0:00
2194,12/6/2020 0:00
2195,12/7/2020 0:00
2196,12/8/2020 0:00
2197,12/9/2020 0:00
2198,12/10/2020 0:00
2199,12/11/2020 0:00
2200,12/12/2020 0:00
2201,12/13/2020 0:00
2202,12/14/2020 0:00
2203,12/15/2020 0:00
2204,12/16/2020 0:00
2205,12/17/2020 0:00
2206,12/18/2020 0:00
2207,12/19/2020 0:00
2208,12/20/2020 0:00
2209,12/21/2020 0:00
2210,12/22/2020 0:00
2211,12/23/2020 0:00
2212,12/24/2020 0:00
2213,12/25/2020 0:00
2214,12/26/2020 0:00
2215,12/27/2020 0:00
2216,12/28/2020 0:00
2217,12/29/2020 0:00
2218,12/30/2020 0:00
2219,12/31/2020 0:00
2220,1/1/2021 0:00
2221,1/2/2021 0:00
2222,1/3/2021 0:00
2223,1/4/2021 0:00
2224,1/5/2021 0:00
2225,1/6/2021 0:00
2226,1/7/2021 0:00
2227,1/8/2021 0:00
2228,1/9/2021 0:00
2229,1/10/2021 0:00
2230,1/11/2021 0:00
2231,1/12/2021 0:00
2232,1/13/2021 0:00
2233,1/14/2021 0:00
2234,1/15/2021 0:00
2235,1/16/2021 0:00
2236,1/17/2021 0:00
2237,1/18/2021 0:00
2238,1/19/2021 0:00
2239,1/20/2021 0:00
2240,1/21/2021 0:00
2241,1/22/2021 0:00
2242,1/23/2021 0:00
2243,1/24/2021 0:00
2244,1/25/2021 0:00
2245,1/26/2021 0:00
2246,1/27/2021 0:00
2247,1/28/2021 0:00
2248,1/29/2021 0:00
2249,1/30/2021 0:00
2250,1/31/2021 0:00
2251,2/1/2021 0:00
2252,2/2/2021 0:00
2253,2/3/2021 0:00
2254,2/4/2021 0:00
2255,2/5/2021 0:00
2256,2/6/2021 0:00
2257,2/7/2021 0:00
2258,2/8/2021 0:00
2259,2/9/2021 0:00
2260,2/10/2021 0:00
2261,2/11/2021 0:00
2262,2/12/2021 0:00
2263,2/13/2021 0:00
2264,2/14/2021 0:00
2265,2/15/2021 0:00
2266,2/16/2021 0:00
2267,2/17/2021 0:00
2268,2/18/2021 0:00
2269,2/19/2021 0:00
2270,2/20/2021 0:00
2271,2/21/2021 0:00
2272,2/22/2021 0:00
2273,2/23/2021 0:00
2274,2/24/2021 0:00
2275,2/25/2021 0:00
2276,2/26/2021 0:00
2277,2/27/2021 0:00
2278,2/28/2021 0:00
2279,3/1/2021 0:00
2280,3/2/2021 0:00
2281,3/3/2021 0:00
2282,3/4/2021 0:00
2283,3/5/2021 0:00
2284,3/6/2021 0:00
2285,3/7/2021 0:00
2286,3/8/2021 0:00
2287,3/9/2021 0:00
2288,3/10/2021 0:00
2289,3/11/2021 0:00
2290,3/12/2021 0:00
2291,3/13/2021 0:00
2292,3/14/2021 0:00
2293,3/15/2021 0:00
2294,3/16/2021 0:00
2295,3/17/2021 0:00
2296,3/18/2021 0:00
2297,3/19/2021 0:00
2298,3/20/2021 0:00
2299,3/21/2021 0:00
2300,3/22/2021 0:00
2301,3/23/2021 0:00
2302,3/24/2021 0:00
2303,3/25/2021 0:00
2304,3/26/2021 0:00
2305,3/27/2021 0:00
2306,3/28/2021 0:00
2307,3/29/2021 0:00
2308,3/30/2021 0:00
2309,3/31/2021 0:00
2310,4/1/2021 0:00
2311,4/2/2021 0:00
2312,4/3/2021 0:00
2313,4/4/2021 0:00
2314,4/5/2021 0:00
2315,4/6/2021 0:00
2316,4/7/2021 0:00
2317,4/8/2021 0:00
2318,4/9/2021 0:00
2319,4/10/2021 0:00
2320,4/11/2021 0:00
2321,4/12/2021 0:00
2322,4/13/2021 0:00
2323,4/14/2021 0:00
2324,4/15/2021 0:00
2325,4/16/2021 0:00
2326,4/17/2021 0:00
2327,4/18/2021 0:00
2328,4/19/2021 0:00
2329,4/20/2021 0:00
2330,4/21/2021 0:00
2331,4/22/2021 0:00
2332,4/23/2021 0:00
2333,4/24/2021 0:00
2334,4/25/2021 0:00
2335,4/26/2021 0:00
2336,4/27/2021 0:00
2337,4/28/2021 0:00
2338,4/29/2021 0:00
2339,4/30/2021 0:00
2340,5/1/2021 0:00
2341,5/2/2021 0:00
2342,5/3/2021 0:00
2343,5/4/2021 0:00
2344,5/5/2021 0:00
2345,5/6/2021 0:00
2346,5/7/2021 0:00
2347,5/8/2021 0:00
2348,5/9/2021 0:00
2349,5/10/2021 0:00
2350,5/11/2021 0:00
2351,5/12/2021 0:00
2352,5/13/2021 0:00
2353,5/14/2021 0:00
2354,5/15/2021 0:00
2355,5/16/2021 0:00
2356,5/17/2021 0:00
2357,5/18/2021 0:00
2358,5/19/2021 0:00
2359,5/20/2021 0:00
2360,5/21/2021 0:00
2361,5/22/2021 0:00
2362,5/23/2021 0:00
2363,5/24/2021 0:00
2364,5/25/2021 0:00
2365,5/26/2021 0:00
2366,5/27/2021 0:00
2367,5/28/2021 0:00
2368,5/29/2021 0:00
2369,5/30/2021 0:00
2370,5/31/2021 0:00
2371,6/1/2021 0:00
2372,6/2/2021 0:00
2373,6/3/2021 0:00
2374,6/4/2021 0:00
2375,6/5/2021 0:00
2376,6/6/2021 0:00
2377,6/7/2021 0:00
2378,6/8/2021 0:00
2379,6/9/2021 0:00
2380,6/10/2021 0:00
2381,6/11/2021 0:00
2382,6/12/2021 0:00
2383,6/13/2021 0:00
2384,6/14/2021 0:00
2385,6/15/2021 0:00
2386,6/16/2021 0:00
2387,6/17/2021 0:00
2388,6/18/2021 0:00
2389,6/19/2021 0:00
2390,6/20/2021 0:00
2391,6/21/2021 0:00
2392,6/22/2021 0:00
2393,6/23/2021 0:00
2394,6/24/2021 0:00
2395,6/25/2021 0:00
2396,6/26/2021 0:00
2397,6/27/2021 0:00
2398,6/28/2021 0:00
2399,6/29/2021 0:00
2400,6/30/2021 0:00
2401,7/1/2021 0:00
2402,7/2/2021 0:00
2403,7/3/2021 0:00
2404,7/4/2021 0:00
2405,7/5/2021 0:00
2406,7/6/2021 0:00
2407,7/7/2021 0:00
2408,7/8/2021 0:00
2409,7/9/2021 0:00
2410,7/10/2021 0:00
2411,7/11/2021 0:00
2412,7/12/2021 0:00
2413,7/13/2021 0:00
2414,7/14/2021 0:00
2415,7/15/2021 0:00
2416,7/16/2021 0:00
2417,7/17/2021 0:00
2418,7/18/2021 0:00
2419,7/19/2021 0:00
2420,7/20/2021 0:00
2421,7/21/2021 0:00
2422,7/22/2021 0:00
2423,7/23/2021 0:00
2424,7/24/2021 0:00
2425,7/25/2021 0:00
2426,7/26/2021 0:00
2427,7/27/2021 0:00
2428,7/28/2021 0:00
2429,7/29/2021 0:00
2430,7/30/2021 0:00
2431,7/31/2021 0:00
2432,8/1/2021 0:00
2433,8/2/2021 0:00
2434,8/3/2021 0:00
2435,8/4/2021 0:00
2436,8/5/2021 0:00
2437,8/6/2021 0:00
2438,8/7/2021 0:00
2439,8/8/2021 0:00
2440,8/9/2021 0:00
2441,8/10/2021 0:00
2442,8/11/2021 0:00
2443,8/12/2021 0:00
2444,8/13/2021 0:00
2445,8/14/2021 0:00
2446,8/15/2021 0:00
2447,8/16/2021 0:00
2448,8/17/2021 0:00
2449,8/18/2021 0:00
2450,8/19/2021 0:00
2451,8/20/2021 0:00
2452,8/21/2021 0:00
2453,8/22/2021 0:00
2454,8/23/2021 0:00
2455,8/24/2021 0:00
2456,8/25/2021 0:00
2457,8/26/2021 0:00
2458,8/27/2021 0:00
2459,8/28/2021 0:00
2460,8/29/2021 0:00
2461,8/30/2021 0:00
2462,8/31/2021 0:00
2463,9/1/2021 0:00
2464,9/2/2021 0:00
2465,9/3/2021 0:00
2466,9/4/2021 0:00
2467,9/5/2021 0:00
2468,9/6/2021 0:00
2469,9/7/2021 0:00
2470,9/8/2021 0:00
2471,9/9/2021 0:00
2472,9/10/2021 0:00
2473,9/11/2021 0:00
2474,9/12/2021 0:00
2475,9/13/2021 0:00
2476,9/14/2021 0:00
2477,9/15/2021 0:00
2478,9/16/2021 0:00
2479,9/17/2021 0:00
2480,9/18/2021 0:00
2481,9/19/2021 0:00
2482,9/20/2021 0:00
2483,9/21/2021 0:00
2484,9/22/2021 0:00
2485,9/23/2021 0:00
2486,9/24/2021 0:00
2487,9/25/2021 0:00
2488,9/26/2021 0:00
2489,9/27/2021 0:00
2490,9/28/2021 0:00
2491,9/29/2021 0:00
2492,9/30/2021 0:00
2493,10/1/2021 0:00
2494,10/2/2021 0:00
2495,10/3/2021 0:00
2496,10/4/2021 0:00
2497,10/5/2021 0:00
2498,10/6/2021 0:00
2499,10/7/2021 0:00
2500,10/8/2021 0:00
2501,10/9/2021 0:00
2502,10/10/2021 0:00
2503,10/11/2021 0:00
2504,10/12/2021 0:00
2505,10/13/2021 0:00
2506,10/14/2021 0:00
2507,10/15/2021 0:00
2508,10/16/2021 0:00
2509,10/17/2021 0:00
2510,10/18/2021 0:00
2511,10/19/2021 0:00
2512,10/20/2021 0:00
2513,10/21/2021 0:00
2514,10/22/2021 0:00
2515,10/23/2021 0:00
2516,10/24/2021 0:00
2517,10/25/2021 0:00
2518,10/26/2021 0:00
2519,10/27/2021 0:00
2520,10/28/2021 0:00
2521,10/29/2021 0:00
2522,10/30/2021 0:00
2523,10/31/2021 0:00
2524,11/1/2021 0:00
2525,11/2/2021 0:00
2526,11/3/2021 0:00
2527,11/4/2021 0:00
2528,11/5/2021 0:00
2529,11/6/2021 0:00
2530,11/7/2021 0:00
2531,11/8/2021 0:00
2532,11/9/2021 0:00
2533,11/10/2021 0:00
2534,11/11/2021 0:00
2535,11/12/2021 0:00
2536,11/13/2021 0:00
2537,11/14/2021 0:00
2538,11/15/2021 0:00
2539,11/16/2021 0:00
2540,11/17/2021 0:00
2541,11/18/2021 0:00
2542,11/19/2021 0:00
2543,11/20/2021 0:00
2544,11/21/2021 0:00
2545,11/22/2021 0:00
2546,11/23/2021 0:00
2547,11/24/2021 0:00
2548,11/25/2021 0:00
2549,11/26/2021 0:00
2550,11/27/2021 0:00
2551,11/28/2021 0:00
2552,11/29/2021 0:00
2553,11/30/2021 0:00
2554,12/1/2021 0:00
2555,12/2/2021 0:00
2556,12/3/2021 0:00
2557,12/4/2021 0:00
2558,12/5/2021 0:00
2559,12/6/2021 0:00
2560,12/7/2021 0:00
2561,12/8/2021 0:00
2562,12/9/2021 0:00
2563,12/10/2021 0:00
2564,12/11/2021 0:00
2565,12/12/2021 0:00
2566,12/13/2021 0:00
2567,12/14/2021 0:00
2568,12/15/2021 0:00
2569,12/16/2021 0:00
2570,12/17/2021 0:00
2571,12/18/2021 0:00
2572,12/19/2021 0:00
2573,12/20/2021 0:00
2574,12/21/2021 0:00
2575,12/22/2021 0:00
2576,12/23/2021 0:00
2577,12/24/2021 0:00
2578,12/25/2021 0:00
2579,12/26/2021 0:00
2580,12/27/2021 0:00
2581,12/28/2021 0:00
2582,12/29/2021 0:00
2583,12/30/2021 0:00
2584,12/31/2021 0:00
2585,1/1/2022 0:00
2586,1/2/2022 0:00
2587,1/3/2022 0:00
2588,1/4/2022 0:00
2589,1/5/2022 0:00
2590,1/6/2022 0:00
2591,1/7/2022 0:00
2592,1/8/2022 0:00
2593,1/9/2022 0:00
2594,1/10/2022 0:00
2595,1/11/2022 0:00
2596,1/12/2022 0:00
2597,1/13/2022 0:00
2598,1/14/2022 0:00
2599,1/15/2022 0:00
2600,1/16/2022 0:00
2601,1/17/2022 0:00
2602,1/18/2022 0:00
2603,1/19/2022 0:00
2604,1/20/2022 0:00
2605,1/21/2022 0:00
2606,1/22/2022 0:00
2607,1/23/2022 0:00
2608,1/24/2022 0:00
2609,1/25/2022 0:00
2610,1/26/2022 0:00
2611,1/27/2022 0:00
2612,1/28/2022 0:00
2613,1/29/2022 0:00
2614,1/30/2022 0:00
2615,1/31/2022 0:00
2616,2/1/2022 0:00
2617,2/2/2022 0:00
2618,2/3/2022 0:00
2619,2/4/2022 0:00
2620,2/5/2022 0:00
2621,2/6/2022 0:00
2622,2/7/2022 0:00
2623,2/8/2022 0:00
2624,2/9/2022 0:00
2625,2/10/2022 0:00
2626,2/11/2022 0:00
2627,2/12/2022 0:00
2628,2/13/2022 0:00
2629,2/14/2022 0:00
2630,2/15/2022 0:00
2631,2/16/2022 0:00
2632,2/17/2022 0:00
2633,2/18/2022 0:00
2634,2/19/2022 0:00
2635,2/20/2022 0:00
2636,2/21/2022 0:00
2637,2/22/2022 0:00
2638,2/23/2022 0:00
2639,2/24/2022 0:00
2640,2/25/2022 0:00
2641,2/26/2022 0:00
2642,2/27/2022 0:00
2643,2/28/2022 0:00
2644,3/1/2022 0:00
2645,3/2/2022 0:00
2646,3/3/2022 0:00
2647,3/4/2022 0:00
2648,3/5/2022 0:00
2649,3/6/2022 0:00
2650,3/7/2022 0:00
2651,3/8/2022 0:00
2652,3/9/2022 0:00
2653,3/10/2022 0:00
2654,3/11/2022 0:00
2655,3/12/2022 0:00
2656,3/13/2022 0:00
2657,3/14/2022 0:00
2658,3/15/2022 0:00
2659,3/16/2022 0:00
2660,3/17/2022 0:00
2661,3/18/2022 0:00
2662,3/19/2022 0:00
2663,3/20/2022 0:00
2664,3/21/2022 0:00
2665,3/22/2022 0:00
2666,3/23/2022 0:00
2667,3/24/2022 0:00
2668,3/25/2022 0:00
2669,3/26/2022 0:00
2670,3/27/2022 0:00
2671,3/28/2022 0:00
2672,3/29/2022 0:00
2673,3/30/2022 0:00
2674,3/31/2022 0:00
2675,4/1/2022 0:00
2676,4/2/2022 0:00
2677,4/3/2022 0:00
2678,4/4/2022 0:00
2679,4/5/2022 0:00
2680,4/6/2022 0:00
2681,4/7/2022 0:00
2682,4/8/2022 0:00
2683,4/9/2022 0:00
2684,4/10/2022 0:00
2685,4/11/2022 0:00
2686,4/12/2022 0:00
2687,4/13/2022 0:00
2688,4/14/2022 0:00
2689,4/15/2022 0:00
2690,4/16/2022 0:00
2691,4/17/2022 0:00
2692,4/18/2022 0:00
2693,4/19/2022 0:00
2694,4/20/2022 0:00
2695,4/21/2022 0:00
2696,4/22/2022 0:00
2697,4/23/2022 0:00
2698,4/24/2022 0:00
2699,4/25/2022 0:00
2700,4/26/2022 0:00
2701,4/27/2022 0:00
2702,4/28/2022 0:00
2703,4/29/2022 0:00
2704,4/30/2022 0:00
2705,5/1/2022 0:00
2706,5/2/2022 0:00
2707,5/3/2022 0:00
2708,5/4/2022 0:00
2709,5/5/2022 0:00
2710,5/6/2022 0:00
2711,5/7/2022 0:00
2712,5/8/2022 0:00
2713,5/9/2022 0:00
2714,5/10/2022 0:00
2715,5/11/2022 0:00
2716,5/12/2022 0:00
2717,5/13/2022 0:00
2718,5/14/2022 0:00
2719,5/15/2022 0:00
2720,5/16/2022 0:00
2721,5/17/2022 0:00
2722,5/18/2022 0:00
2723,5/19/2022 0:00
2724,5/20/2022 0:00
2725,5/21/2022 0:00
2726,5/22/2022 0:00
2727,5/23/2022 0:00
2728,5/24/2022 0:00
2729,5/25/2022 0:00
2730,5/26/2022 0:00
2731,5/27/2022 0:00
2732,5/28/2022 0:00
2733,5/29/2022 0:00
2734,5/30/2022 0:00
2735,5/31/2022 0:00
2736,6/1/2022 0:00
2737,6/2/2022 0:00
2738,6/3/2022 0:00
2739,6/4/2022 0:00
2740,6/5/2022 0:00
2741,6/6/2022 0:00
2742,6/7/2022 0:00
2743,6/8/2022 0:00
2744,6/9/2022 0:00
2745,6/10/2022 0:00
2746,6/11/2022 0:00
2747,6/12/2022 0:00
2748,6/13/2022 0:00
2749,6/14/2022 0:00
2750,6/15/2022 0:00
2751,6/16/2022 0:00
2752,6/17/2022 0:00
2753,6/18/2022 0:00
2754,6/19/2022 0:00
2755,6/20/2022 0:00
2756,6/21/2022 0:00
2757,6/22/2022 0:00
2758,6/23/2022 0:00
2759,6/24/2022 0:00
2760,6/25/2022 0:00
2761,6/26/2022 0:00
2762,6/27/2022 0:00
2763,6/28/2022 0:00
2764,6/29/2022 0:00
2765,6/30/2022 0:00
2766,7/1/2022 0:00
2767,7/2/2022 0:00
2768,7/3/2022 0:00
2769,7/4/2022 0:00
2770,7/5/2022 0:00
2771,7/6/2022 0:00
2772,7/7/2022 0:00
2773,7/8/2022 0:00
2774,7/9/2022 0:00
2775,7/10/2022 0:00
2776,7/11/2022 0:00
2777,7/12/2022 0:00
2778,7/13/2022 0:00
2779,7/14/2022 0:00
2780,7/15/2022 0:00
2781,7/16/2022 0:00
2782,7/17/2022 0:00
2783,7/18/2022 0:00
2784,7/19/2022 0:00
2785,7/20/2022 0:00
2786,7/21/2022 0:00
2787,7/22/2022 0:00
2788,7/23/2022 0:00
2789,7/24/2022 0:00
2790,7/25/2022 0:00
2791,7/26/2022 0:00
2792,7/27/2022 0:00
2793,7/28/2022 0:00
2794,7/29/2022 0:00
2795,7/30/2022 0:00
2796,7/31/2022 0:00
2797,8/1/2022 0:00
2798,8/2/2022 0:00
2799,8/3/2022 0:00
2800,8/4/2022 0:00
2801,8/5/2022 0:00
2802,8/6/2022 0:00
2803,8/7/2022 0:00
2804,8/8/2022 0:00
2805,8/9/2022 0:00
2806,8/10/2022 0:00
2807,8/11/2022 0:00
2808,8/12/2022 0:00
2809,8/13/2022 0:00
2810,8/14/2022 0:00
2811,8/15/2022 0:00
2812,8/16/2022 0:00
2813,8/17/2022 0:00
2814,8/18/2022 0:00
2815,8/19/2022 0:00
2816,8/20/2022 0:00
2817,8/21/2022 0:00
2818,8/22/2022 0:00
2819,8/23/2022 0:00
2820,8/24/2022 0:00
2821,8/25/2022 0:00
2822,8/26/2022 0:00
2823,8/27/2022 0:00
2824,8/28/2022 0:00
2825,8/29/2022 0:00
2826,8/30/2022 0:00
2827,8/31/2022 0:00
2828,9/1/2022 0:00
2829,9/2/2022 0:00
2830,9/3/2022 0:00
2831,9/4/2022 0:00
2832,9/5/2022 0:00
2833,9/6/2022 0:00
2834,9/7/2022 0:00
2835,9/8/2022 0:00
2836,9/9/2022 0:00
2837,9/10/2022 0:00
2838,9/11/2022 0:00
2839,9/12/2022 0:00
2840,9/13/2022 0:00
2841,9/14/2022 0:00
2842,9/15/2022 0:00
2843,9/16/2022 0:00
2844,9/17/2022 0:00
2845,9/18/2022 0:00
2846,9/19/2022 0:00
2847,9/20/2022 0:00
2848,9/21/2022 0:00
2849,9/22/2022 0:00
2850,9/23/2022 0:00
2851,9/24/2022 0:00
2852,9/25/2022 0:00
2853,9/26/2022 0:00
2854,9/27/2022 0:00
2855,9/28/2022 0:00
2856,9/29/2022 0:00
2857,9/30/2022 0:00
2858,10/1/2022 0:00
2859,10/2/2022 0:00
2860,10/3/2022 0:00
2861,10/4/2022 0:00
2862,10/5/2022 0:00
2863,10/6/2022 0:00
2864,10/7/2022 0:00
2865,10/8/2022 0:00
2866,10/9/2022 0:00
2867,10/10/2022 0:00
2868,10/11/2022 0:00
2869,10/12/2022 0:00
2870,10/13/2022 0:00
2871,10/14/2022 0:00
2872,10/15/2022 0:00
2873,10/16/2022 0:00
2874,10/17/2022 0:00
2875,10/18/2022 0:00
2876,10/19/2022 0:00
2877,10/20/2022 0:00
2878,10/21/2022 0:00
2879,10/22/2022 0:00
2880,10/23/2022 0:00
2881,10/24/2022 0:00
2882,10/25/2022 0:00
2883,10/26/2022 0:00
2884,10/27/2022 0:00
2885,10/28/2022 0:00
2886,10/29/2022 0:00
2887,10/30/2022 0:00
2888,10/31/2022 0:00
2889,11/1/2022 0:00
2890,11/2/2022 0:00
2891,11/3/2022 0:00
2892,11/4/2022 0:00
2893,11/5/2022 0:00
2894,11/6/2022 0:00
2895,11/7/2022 0:00
2896,11/8/2022 0:00
2897,11/9/2022 0:00
2898,11/10/2022 0:00
2899,11/11/2022 0:00
2900,11/12/2022 0:00
2901,11/13/2022 0:00
2902,11/14/2022 0:00
2903,11/15/2022 0:00
2904,11/16/2022 0:00
2905,11/17/2022 0:00
2906,11/18/2022 0:00
2907,11/19/2022 0:00
2908,11/20/2022 0:00
2909,11/21/2022 0:00
2910,11/22/2022 0:00
2911,11/23/2022 0:00
2912,11/24/2022 0:00
2913,11/25/2022 0:00
2914,11/26/2022 0:00
2915,11/27/2022 0:00
2916,11/28/2022 0:00
2917,11/29/2022 0:00
2918,11/30/2022 0:00
2919,12/1/2022 0:00
2920,12/2/2022 0:00
2921,12/3/2022 0:00
2922,12/4/2022 0:00
2923,12/5/2022 0:00
2924,12/6/2022 0:00
2925,12/7/2022 0:00
2926,12/8/2022 0:00
2927,12/9/2022 0:00
2928,12/10/2022 0:00
2929,12/11/2022 0:00
2930,12/12/2022 0:00
2931,12/13/2022 0:00
2932,12/14/2022 0:00
2933,12/15/2022 0:00
2934,12/16/2022 0:00
2935,12/17/2022 0:00
2936,12/18/2022 0:00
2937,12/19/2022 0:00
2938,12/20/2022 0:00
2939,12/21/2022 0:00
2940,12/22/2022 0:00
2941,12/23/2022 0:00
2942,12/24/2022 0:00
2943,12/25/2022 0:00
2944,12/26/2022 0:00
2945,12/27/2022 0:00
2946,12/28/2022 0:00
2947,12/29/2022 0:00
2948,12/30/2022 0:00
2949,12/31/2022 0:00
2950,1/1/2023 0:00
2951,1/2/2023 0:00
2952,1/3/2023 0:00
2953,1/4/2023 0:00
2954,1/5/2023 0:00
2955,1/6/2023 0:00
2956,1/7/2023 0:00
2957,1/8/2023 0:00
2958,1/9/2023 0:00
2959,1/10/2023 0:00
2960,1/11/2023 0:00
2961,1/12/2023 0:00
2962,1/13/2023 0:00
2963,1/14/2023 0:00
2964,1/15/2023 0:00
2965,1/16/2023 0:00
2966,1/17/2023 0:00
2967,1/18/2023 0:00
2968,1/19/2023 0:00
2969,1/20/2023 0:00
2970,1/21/2023 0:00
2971,1/22/2023 0:00
2972,1/23/2023 0:00
2973,1/24/2023 0:00
2974,1/25/2023 0:00
2975,1/26/2023 0:00
2976,1/27/2023 0:00
2977,1/28/2023 0:00
2978,1/29/2023 0:00
2979,1/30/2023 0:00
2980,1/31/2023 0:00
2981,2/1/2023 0:00
2982,2/2/2023 0:00
2983,2/3/2023 0:00
2984,2/4/2023 0:00
2985,2/5/2023 0:00
2986,2/6/2023 0:00
2987,2/7/2023 0:00
2988,2/8/2023 0:00
2989,2/9/2023 0:00
2990,2/10/2023 0:00
2991,2/11/2023 0:00
2992,2/12/2023 0:00
2993,2/13/2023 0:00
2994,2/14/2023 0:00
2995,2/15/2023 0:00
2996,2/16/2023 0:00
2997,2/17/2023 0:00
2998,2/18/2023 0:00
2999,2/19/2023 0:00
3000,2/20/2023 0:00
3001,2/21/2023 0:00
3002,2/22/2023 0:00
3003,2/23/2023 0:00
3004,2/24/2023 0:00
3005,2/25/2023 0:00
3006,2/26/2023 0:00
3007,2/27/2023 0:00
3008,2/28/2023 0:00
3009,3/1/2023 0:00
3010,3/2/2023 0:00
3011,3/3/2023 0:00
3012,3/4/2023 0:00
3013,3/5/2023 0:00
3014,3/6/2023 0:00
3015,3/7/2023 0:00
3016,3/8/2023 0:00
3017,3/9/2023 0:00
3018,3/10/2023 0:00
3019,3/11/2023 0:00
3020,3/12/2023 0:00
3021,3/13/2023 0:00
3022,3/14/2023 0:00
3023,3/15/2023 0:00
3024,3/16/2023 0:00
3025,3/17/2023 0:00
3026,3/18/2023 0:00
3027,3/19/2023 0:00
3028,3/20/2023 0:00
3029,3/21/2023 0:00
3030,3/22/2023 0:00
3031,3/23/2023 0:00
3032,3/24/2023 0:00
3033,3/25/2023 0:00
3034,3/26/2023 0:00
3035,3/27/2023 0:00
3036,3/28/2023 0:00
3037,3/29/2023 0:00
3038,3/30/2023 0:00
3039,3/31/2023 0:00
3040,4/1/2023 0:00
3041,4/2/2023 0:00
3042,4/3/2023 0:00
3043,4/4/2023 0:00
3044,4/5/2023 0:00
3045,4/6/2023 0:00
3046,4/7/2023 0:00
3047,4/8/2023 0:00
3048,4/9/2023 0:00
3049,4/10/2023 0:00
3050,4/11/2023 0:00
3051,4/12/2023 0:00
3052,4/13/2023 0:00
3053,4/14/2023 0:00
3054,4/15/2023 0:00
3055,4/16/2023 0:00
3056,4/17/2023 0:00
3057,4/18/2023 0:00
3058,4/19/2023 0:00
3059,4/20/2023 0:00
3060,4/21/2023 0:00
3061,4/22/2023 0:00
3062,4/23/2023 0:00
3063,4/24/2023 0:00
3064,4/25/2023 0:00
3065,4/26/2023 0:00
3066,4/27/2023 0:00
3067,4/28/2023 0:00
3068,4/29/2023 0:00
3069,4/30/2023 0:00
3070,5/1/2023 0:00
3071,5/2/2023 0:00
3072,5/3/2023 0:00
3073,5/4/2023 0:00
3074,5/5/2023 0:00
3075,5/6/2023 0:00
3076,5/7/2023 0:00
3077,5/8/2023 0:00
3078,5/9/2023 0:00
3079,5/10/2023 0:00
3080,5/11/2023 0:00
3081,5/12/2023 0:00
3082,5/13/2023 0:00
3083,5/14/2023 0:00
3084,5/15/2023 0:00
3085,5/16/2023 0:00
3086,5/17/2023 0:00
3087,5/18/2023 0:00
3088,5/19/2023 0:00
3089,5/20/2023 0:00
3090,5/21/2023 0:00
3091,5/22/2023 0:00
3092,5/23/2023 0:00
3093,5/24/2023 0:00
3094,5/25/2023 0:00
3095,5/26/2023 0:00
3096,5/27/2023 0:00
3097,5/28/2023 0:00
3098,5/29/2023 0:00
3099,5/30/2023 0:00
3100,5/31/2023 0:00
3101,6/1/2023 0:00
3102,6/2/2023 0:00
3103,6/3/2023 0:00
3104,6/4/2023 0:00
3105,6/5/2023 0:00
3106,6/6/2023 0:00
3107,6/7/2023 0:00
3108,6/8/2023 0:00
3109,6/9/2023 0:00
3110,6/10/2023 0:00
3111,6/11/2023 0:00
3112,6/12/2023 0:00
3113,6/13/2023 0:00
3114,6/14/2023 0:00
3115,6/15/2023 0:00
3116,6/16/2023 0:00
3117,6/17/2023 0:00
3118,6/18/2023 0:00
3119,6/19/2023 0:00
3120,6/20/2023 0:00
3121,6/21/2023 0:00
3122,6/22/2023 0:00
3123,6/23/2023 0:00
3124,6/24/2023 0:00
3125,6/25/2023 0:00
3126,6/26/2023 0:00
3127,6/27/2023 0:00
3128,6/28/2023 0:00
3129,6/29/2023 0:00
3130,6/30/2023 0:00
3131,7/1/2023 0:00
3132,7/2/2023 0:00
3133,7/3/2023 0:00
3134,7/4/2023 0:00
3135,7/5/2023 0:00
3136,7/6/2023 0:00
3137,7/7/2023 0:00
3138,7/8/2023 0:00
3139,7/9/2023 0:00
3140,7/10/2023 0:00
3141,7/11/2023 0:00
3142,7/12/2023 0:00
3143,7/13/2023 0:00
3144,7/14/2023 0:00
3145,7/15/2023 0:00
3146,7/16/2023 0:00
3147,7/17/2023 0:00
3148,7/18/2023 0:00
3149,7/19/2023 0:00
3150,7/20/2023 0:00
3151,7/21/2023 0:00
3152,7/22/2023 0:00
3153,7/23/2023 0:00
3154,7/24/2023 0:00
3155,7/25/2023 0:00
3156,7/26/2023 0:00
3157,7/27/2023 0:00
3158,7/28/2023 0:00
3159,7/29/2023 0:00
3160,7/30/2023 0:00
3161,7/31/2023 0:00
3162,8/1/2023 0:00
3163,8/2/2023 0:00
3164,8/3/2023 0:00
3165,8/4/2023 0:00
3166,8/5/2023 0:00
3167,8/6/2023 0:00
3168,8/7/2023 0:00
3169,8/8/2023 0:00
3170,8/9/2023 0:00
3171,8/10/2023 0:00
3172,8/11/2023 0:00
3173,8/12/2023 0:00
3174,8/13/2023 0:00
3175,8/14/2023 0:00
3176,8/15/2023 0:00
3177,8/16/2023 0:00
3178,8/17/2023 0:00
3179,8/18/2023 0:00
3180,8/19/2023 0:00
3181,8/20/2023 0:00
3182,8/21/2023 0:00
3183,8/22/2023 0:00
3184,8/23/2023 0:00
3185,8/24/2023 0:00
3186,8/25/2023 0:00
3187,8/26/2023 0:00
3188,8/27/2023 0:00
3189,8/28/2023 0:00
3190,8/29/2023 0:00
3191,8/30/2023 0:00
3192,8/31/2023 0:00
3193,9/1/2023 0:00
3194,9/2/2023 0:00
3195,9/3/2023 0:00
3196,9/4/2023 0:00
3197,9/5/2023 0:00
3198,9/6/2023 0:00
3199,9/7/2023 0:00
3200,9/8/2023 0:00
3201,9/9/2023 0:00
3202,9/10/2023 0:00
3203,9/11/2023 0:00
3204,9/12/2023 0:00
3205,9/13/2023 0:00
3206,9/14/2023 0:00
3207,9/15/2023 0:00
3208,9/16/2023 0:00
3209,9/17/2023 0:00
3210,9/18/2023 0:00
3211,9/19/2023 0:00
3212,9/20/2023 0:00
3213,9/21/2023 0:00
3214,9/22/2023 0:00
3215,9/23/2023 0:00
3216,9/24/2023 0:00
3217,9/25/2023 0:00
3218,9/26/2023 0:00
3219,9/27/2023 0:00
3220,9/28/2023 0:00
3221,9/29/2023 0:00
3222,9/30/2023 0:00
3223,10/1/2023 0:00
3224,10/2/2023 0:00
3225,10/3/2023 0:00
3226,10/4/2023 0:00
3227,10/5/2023 0:00
3228,10/6/2023 0:00
3229,10/7/2023 0:00
3230,10/8/2023 0:00
3231,10/9/2023 0:00
3232,10/10/2023 0:00
3233,10/11/2023 0:00
3234,10/12/2023 0:00
3235,10/13/2023 0:00
3236,10/14/2023 0:00
3237,10/15/2023 0:00
3238,10/16/2023 0:00
3239,10/17/2023 0:00
3240,10/18/2023 0:00
3241,10/19/2023 0:00
3242,10/20/2023 0:00
3243,10/21/2023 0:00
3244,10/22/2023 0:00
3245,10/23/2023 0:00
3246,10/24/2023 0:00
3247,10/25/2023 0:00
3248,10/26/2023 0:00
3249,10/27/2023 0:00
3250,10/28/2023 0:00
3251,10/29/2023 0:00
3252,10/30/2023 0:00
3253,10/31/2023 0:00
3254,11/1/2023 0:00
3255,11/2/2023 0:00
3256,11/3/2023 0:00
3257,11/4/2023 0:00
3258,11/5/2023 0:00
3259,11/6/2023 0:00
3260,11/7/2023 0:00
3261,11/8/2023 0:00
3262,11/9/2023 0:00
3263,11/10/2023 0:00
3264,11/11/2023 0:00
3265,11/12/2023 0:00
3266,11/13/2023 0:00
3267,11/14/2023 0:00
3268,11/15/2023 0:00
3269,11/16/2023 0:00
3270,11/17/2023 0:00
3271,11/18/2023 0:00
3272,11/19/2023 0:00
3273,11/20/2023 0:00
3274,11/21/2023 0:00
3275,11/22/2023 0:00
3276,11/23/2023 0:00
3277,11/24/2023 0:00
3278,11/25/2023 0:00
3279,11/26/2023 0:00
3280,11/27/2023 0:00
3281,11/28/2023 0:00
3282,11/29/2023 0:00
3283,11/30/2023 0:00
3284,12/1/2023 0:00
3285,12/2/2023 0:00
3286,12/3/2023 0:00
3287,12/4/2023 0:00
3288,12/5/2023 0:00
3289,12/6/2023 0:00
3290,12/7/2023 0:00
3291,12/8/2023 0:00
3292,12/9/2023 0:00
3293,12/10/2023 0:00
3294,12/11/2023 0:00
3295,12/12/2023 0:00
3296,12/13/2023 0:00
3297,12/14/2023 0:00
3298,12/15/2023 0:00
3299,12/16/2023 0:00
3300,12/17/2023 0:00
3301,12/18/2023 0:00
3302,12/19/2023 0:00
3303,12/20/2023 0:00
3304,12/21/2023 0:00
3305,12/22/2023 0:00
3306,12/23/2023 0:00
3307,12/24/2023 0:00
3308,12/25/2023 0:00
3309,12/26/2023 0:00
3310,12/27/2023 0:00
3311,12/28/2023 0:00
3312,12/29/2023 0:00
3313,12/30/2023 0:00
3314,12/31/2023 0:00
3315,1/1/2024 0:00
3316,1/2/2024 0:00
3317,1/3/2024 0:00
3318,1/4/2024 0:00
3319,1/5/2024 0:00
3320,1/6/2024 0:00
3321,1/7/2024 0:00
3322,1/8/2024 0:00
3323,1/9/2024 0:00
3324,1/10/2024 0:00
3325,1/11/2024 0:00
3326,1/12/2024 0:00
3327,1/13/2024 0:00
3328,1/14/2024 0:00
3329,1/15/2024 0:00
3330,1/16/2024 0:00
3331,1/17/2024 0:00
3332,1/18/2024 0:00
3333,1/19/2024 0:00
3334,1/20/2024 0:00
3335,1/21/2024 0:00
3336,1/22/2024 0:00
3337,1/23/2024 0:00
3338,1/24/2024 0:00
3339,1/25/2024 0:00
3340,1/26/2024 0:00
3341,1/27/2024 0:00
3342,1/28/2024 0:00
3343,1/29/2024 0:00
3344,1/30/2024 0:00
3345,1/31/2024 0:00
3346,2/1/2024 0:00
3347,2/2/2024 0:00
3348,2/3/2024 0:00
3349,2/4/2024 0:00
3350,2/5/2024 0:00
3351,2/6/2024 0:00
3352,2/7/2024 0:00
3353,2/8/2024 0:00
3354,2/9/2024 0:00
3355,2/10/2024 0:00
3356,2/11/2024 0:00
3357,2/12/2024 0:00
3358,2/13/2024 0:00
3359,2/14/2024 0:00
3360,2/15/2024 0:00
3361,2/16/2024 0:00
3362,2/17/2024 0:00
3363,2/18/2024 0:00
3364,2/19/2024 0:00
3365,2/20/2024 0:00
3366,2/21/2024 0:00
3367,2/22/2024 0:00
3368,2/23/2024 0:00
3369,2/24/2024 0:00
3370,2/25/2024 0:00
3371,2/26/2024 0:00
3372,2/27/2024 0:00
3373,2/28/2024 0:00
3374,2/29/2024 0:00
3375,3/1/2024 0:00
3376,3/2/2024 0:00
3377,3/3/2024 0:00
3378,3/4/2024 0:00
3379,3/5/2024 0:00
3380,3/6/2024 0:00
3381,3/7/2024 0:00
3382,3/8/2024 0:00
3383,3/9/2024 0:00
3384,3/10/2024 0:00
3385,3/11/2024 0:00
3386,3/12/2024 0:00
3387,3/13/2024 0:00
3388,3/14/2024 0:00
3389,3/15/2024 0:00
3390,3/16/2024 0:00
3391,3/17/2024 0:00
3392,3/18/2024 0:00
3393,3/19/2024 0:00
3394,3/20/2024 0:00
3395,3/21/2024 0:00
3396,3/22/2024 0:00
3397,3/23/2024 0:00
3398,3/24/2024 0:00
3399,3/25/2024 0:00
3400,3/26/2024 0:00
3401,3/27/2024 0:00
3402,3/28/2024 0:00
3403,3/29/2024 0:00
3404,3/30/2024 0:00
3405,3/31/2024 0:00
3406,4/1/2024 0:00
3407,4/2/2024 0:00
3408,4/3/2024 0:00
3409,4/4/2024 0:00
3410,4/5/2024 0:00
3411,4/6/2024 0:00
3412,4/7/2024 0:00
3413,4/8/2024 0:00
3414,4/9/2024 0:00
3415,4/10/2024 0:00
3416,4/11/2024 0:00
3417,4/12/2024 0:00
3418,4/13/2024 0:00
3419,4/14/2024 0:00
3420,4/15/2024 0:00
3421,4/16/2024 0:00
3422,4/17/2024 0:00
3423,4/18/2024 0:00
3424,4/19/2024 0:00
3425,4/20/2024 0:00
3426,4/21/2024 0:00
3427,4/22/2024 0:00
3428,4/23/2024 0:00
3429,4/24/2024 0:00
3430,4/25/2024 0:00
3431,4/26/2024 0:00
3432,4/27/2024 0:00
3433,4/28/2024 0:00
3434,4/29/2024 0:00
3435,4/30/2024 0:00
3436,5/1/2024 0:00
3437,5/2/2024 0:00
3438,5/3/2024 0:00
3439,5/4/2024 0:00
3440,5/5/2024 0:00
3441,5/6/2024 0:00
3442,5/7/2024 0:00
3443,5/8/2024 0:00
3444,5/9/2024 0:00
3445,5/10/2024 0:00
3446,5/11/2024 0:00
3447,5/12/2024 0:00
3448,5/13/2024 0:00
3449,5/14/2024 0:00
3450,5/15/2024 0:00
3451,5/16/2024 0:00
3452,5/17/2024 0:00
3453,5/18/2024 0:00
3454,5/19/2024 0:00
3455,5/20/2024 0:00
3456,5/21/2024 0:00
3457,5/22/2024 0:00
3458,5/23/2024 0:00
3459,5/24/2024 0:00
3460,5/25/2024 0:00
3461,5/26/2024 0:00
3462,5/27/2024 0:00
3463,5/28/2024 0:00
3464,5/29/2024 0:00
3465,5/30/2024 0:00
3466,5/31/2024 0:00
3467,6/1/2024 0:00
3468,6/2/2024 0:00
3469,6/3/2024 0:00
3470,6/4/2024 0:00
3471,6/5/2024 0:00
3472,6/6/2024 0:00
3473,6/7/2024 0:00
3474,6/8/2024 0:00
3475,6/9/2024 0:00
3476,6/10/2024 0:00
3477,6/11/2024 0:00
3478,6/12/2024 0:00
3479,6/13/2024 0:00
3480,6/14/2024 0:00
3481,6/15/2024 0:00
3482,6/16/2024 0:00
3483,6/17/2024 0:00
3484,6/18/2024 0:00
3485,6/19/2024 0:00
3486,6/20/2024 0:00
3487,6/21/2024 0:00
3488,6/22/2024 0:00
3489,6/23/2024 0:00
3490,6/24/2024 0:00
3491,6/25/2024 0:00
3492,6/26/2024 0:00
3493,6/27/2024 0:00
3494,6/28/2024 0:00
3495,6/29/2024 0:00
3496,6/30/2024 0:00
3497,7/1/2024 0:00
3498,7/2/2024 0:00
3499,7/3/2024 0:00
3500,7/4/2024 0:00
3501,7/5/2024 0:00
3502,7/6/2024 0:00
3503,7/7/2024 0:00
3504,7/8/2024 0:00
3505,7/9/2024 0:00
3506,7/10/2024 0:00
3507,7/11/2024 0:00
3508,7/12/2024 0:00
3509,7/13/2024 0:00
3510,7/14/2024 0:00
3511,7/15/2024 0:00
3512,7/16/2024 0:00
3513,7/17/2024 0:00
3514,7/18/2024 0:00
3515,7/19/2024 0:00
3516,7/20/2024 0:00
3517,7/21/2024 0:00
3518,7/22/2024 0:00
3519,7/23/2024 0:00
3520,7/24/2024 0:00
3521,7/25/2024 0:00
3522,7/26/2024 0:00
3523,7/27/2024 0:00
3524,7/28/2024 0:00
3525,7/29/2024 0:00
3526,7/30/2024 0:00
3527,7/31/2024 0:00
3528,8/1/2024 0:00
3529,8/2/2024 0:00
3530,8/3/2024 0:00
3531,8/4/2024 0:00
3532,8/5/2024 0:00
3533,8/6/2024 0:00
3534,8/7/2024 0:00
3535,8/8/2024 0:00
3536,8/9/2024 0:00
3537,8/10/2024 0:00
3538,8/11/2024 0:00
3539,8/12/2024 0:00
3540,8/13/2024 0:00
3541,8/14/2024 0:00
3542,8/15/2024 0:00
3543,8/16/2024 0:00
3544,8/17/2024 0:00
3545,8/18/2024 0:00
3546,8/19/2024 0:00
3547,8/20/2024 0:00
3548,8/21/2024 0:00
3549,8/22/2024 0:00
3550,8/23/2024 0:00
3551,8/24/2024 0:00
3552,8/25/2024 0:00
3553,8/26/2024 0:00
3554,8/27/2024 0:00
3555,8/28/2024 0:00
3556,8/29/2024 0:00
3557,8/30/2024 0:00
3558,8/31/2024 0:00
3559,9/1/2024 0:00
3560,9/2/2024 0:00
3561,9/3/2024 0:00
3562,9/4/2024 0:00
3563,9/5/2024 0:00
3564,9/6/2024 0:00
3565,9/7/2024 0:00
3566,9/8/2024 0:00
3567,9/9/2024 0:00
3568,9/10/2024 0:00
3569,9/11/2024 0:00
3570,9/12/2024 0:00
3571,9/13/2024 0:00
3572,9/14/2024 0:00
3573,9/15/2024 0:00
3574,9/16/2024 0:00
3575,9/17/2024 0:00
3576,9/18/2024 0:00
3577,9/19/2024 0:00
3578,9/20/2024 0:00
3579,9/21/2024 0:00
3580,9/22/2024 0:00
3581,9/23/2024 0:00
3582,9/24/2024 0:00
3583,9/25/2024 0:00
3584,9/26/2024 0:00
3585,9/27/2024 0:00
3586,9/28/2024 0:00
3587,9/29/2024 0:00
3588,9/30/2024 0:00
3589,10/1/2024 0:00
3590,10/2/2024 0:00
3591,10/3/2024 0:00
3592,10/4/2024 0:00
3593,10/5/2024 0:00
3594,10/6/2024 0:00
3595,10/7/2024 0:00
3596,10/8/2024 0:00
3597,10/9/2024 0:00
3598,10/10/2024 0:00
3599,10/11/2024 0:00
3600,10/12/2024 0:00
3601,10/13/2024 0:00
3602,10/14/2024 0:00
3603,10/15/2024 0:00
3604,10/16/2024 0:00
3605,10/17/2024 0:00
3606,10/18/2024 0:00
3607,10/19/2024 0:00
3608,10/20/2024 0:00
3609,10/21/2024 0:00
3610,10/22/2024 0:00
3611,10/23/2024 0:00
3612,10/24/2024 0:00
3613,10/25/2024 0:00
3614,10/26/2024 0:00
3615,10/27/2024 0:00
3616,10/28/2024 0:00
3617,10/29/2024 0:00
3618,10/30/2024 0:00
3619,10/31/2024 0:00
3620,11/1/2024 0:00
3621,11/2/2024 0:00
3622,11/3/2024 0:00
3623,11/4/2024 0:00
3624,11/5/2024 0:00
3625,11/6/2024 0:00
3626,11/7/2024 0:00
3627,11/8/2024 0:00
3628,11/9/2024 0:00
3629,11/10/2024 0:00
3630,11/11/2024 0:00
3631,11/12/2024 0:00
3632,11/13/2024 0:00
3633,11/14/2024 0:00
3634,11/15/2024 0:00
3635,11/16/2024 0:00
3636,11/17/2024 0:00
3637,11/18/2024 0:00
3638,11/19/2024 0:00
3639,11/20/2024 0:00
3640,11/21/2024 0:00
3641,11/22/2024 0:00
3642,11/23/2024 0:00
3643,11/24/2024 0:00
3644,11/25/2024 0:00
3645,11/26/2024 0:00
3646,11/27/2024 0:00
3647,11/28/2024 0:00
3648,11/29/2024 0:00
3649,11/30/2024 0:00
3650,12/1/2024 0:00
3651,12/2/2024 0:00
3652,12/3/2024 0:00
3653,12/4/2024 0:00
3654,12/5/2024 0:00
3655,12/6/2024 0:00
3656,12/7/2024 0:00
3657,12/8/2024 0:00
3658,12/9/2024 0:00
3659,12/10/2024 0:00
3660,12/11/2024 0:00
3661,12/12/2024 0:00
3662,12/13/2024 0:00
3663,12/14/2024 0:00
3664,12/15/2024 0:00
3665,12/16/2024 0:00
3666,12/17/2024 0:00
3667,12/18/2024 0:00
3668,12/19/2024 0:00
3669,12/20/2024 0:00
3670,12/21/2024 0:00
3671,12/22/2024 0:00
3672,12/23/2024 0:00
3673,12/24/2024 0:00
3674,12/25/2024 0:00
3675,12/26/2024 0:00
3676,12/27/2024 0:00
3677,12/28/2024 0:00
3678,12/29/2024 0:00
3679,12/30/2024 0:00
3680,12/31/2024 0:00
3681,1/1/2025 0:00
3682,1/2/2025 0:00
3683,1/3/2025 0:00
3684,1/4/2025 0:00
3685,1/5/2025 0:00
3686,1/6/2025 0:00
3687,1/7/2025 0:00
3688,1/8/2025 0:00
3689,1/9/2025 0:00
3690,1/10/2025 0:00
3691,1/11/2025 0:00
3692,1/12/2025 0:00
3693,1/13/2025 0:00
3694,1/14/2025 0:00
3695,1/15/2025 0:00
3696,1/16/2025 0:00
3697,1/17/2025 0:00
3698,1/18/2025 0:00
3699,1/19/2025 0:00
3700,1/20/2025 0:00
3701,1/21/2025 0:00
3702,1/22/2025 0:00
3703,1/23/2025 0:00
3704,1/24/2025 0:00
3705,1/25/2025 0:00
3706,1/26/2025 0:00
3707,1/27/2025 0:00
3708,1/28/2025 0:00
3709,1/29/2025 0:00
3710,1/30/2025 0:00
3711,1/31/2025 0:00
3712,2/1/2025 0:00
3713,2/2/2025 0:00
3714,2/3/2025 0:00
3715,2/4/2025 0:00
3716,2/5/2025 0:00
3717,2/6/2025 0:00
3718,2/7/2025 0:00
3719,2/8/2025 0:00
3720,2/9/2025 0:00
3721,2/10/2025 0:00
3722,2/11/2025 0:00
3723,2/12/2025 0:00
3724,2/13/2025 0:00
3725,2/14/2025 0:00
3726,2/15/2025 0:00
3727,2/16/2025 0:00
3728,2/17/2025 0:00
3729,2/18/2025 0:00
3730,2/19/2025 0:00
3731,2/20/2025 0:00
3732,2/21/2025 0:00
3733,2/22/2025 0:00
3734,2/23/2025 0:00
3735,2/24/2025 0:00
3736,2/25/2025 0:00
3737,2/26/2025 0:00
3738,2/27/2025 0:00
3739,2/28/2025 0:00
3740,3/1/2025 0:00
3741,3/2/2025 0:00
3742,3/3/2025 0:00
3743,3/4/2025 0:00
3744,3/5/2025 0:00
3745,3/6/2025 0:00
3746,3/7/2025 0:00
3747,3/8/2025 0:00
3748,3/9/2025 0:00
3749,3/10/2025 0:00
3750,3/11/2025 0:00
3751,3/12/2025 0:00
3752,3/13/2025 0:00
3753,3/14/2025 0:00
3754,3/15/2025 0:00
3755,3/16/2025 0:00
3756,3/17/2025 0:00
3757,3/18/2025 0:00
3758,3/19/2025 0:00
3759,3/20/2025 0:00
3760,3/21/2025 0:00
3761,3/22/2025 0:00
3762,3/23/2025 0:00
3763,3/24/2025 0:00
3764,3/25/2025 0:00
3765,3/26/2025 0:00
3766,3/27/2025 0:00
3767,3/28/2025 0:00
3768,3/29/2025 0:00
3769,3/30/2025 0:00
3770,3/31/2025 0:00
3771,4/1/2025 0:00
3772,4/2/2025 0:00
3773,4/3/2025 0:00
3774,4/4/2025 0:00
3775,4/5/2025 0:00
3776,4/6/2025 0:00
3777,4/7/2025 0:00
3778,4/8/2025 0:00
3779,4/9/2025 0:00
3780,4/10/2025 0:00
3781,4/11/2025 0:00
3782,4/12/2025 0:00
3783,4/13/2025 0:00
3784,4/14/2025 0:00
3785,4/15/2025 0:00
3786,4/16/2025 0:00
3787,4/17/2025 0:00
3788,4/18/2025 0:00
3789,4/19/2025 0:00
3790,4/20/2025 0:00
3791,4/21/2025 0:00
3792,4/22/2025 0:00
3793,4/23/2025 0:00
3794,4/24/2025 0:00
3795,4/25/2025 0:00
3796,4/26/2025 0:00
3797,4/27/2025 0:00
3798,4/28/2025 0:00
3799,4/29/2025 0:00
3800,4/30/2025 0:00
3801,5/1/2025 0:00
3802,5/2/2025 0:00
3803,5/3/2025 0:00
3804,5/4/2025 0:00
3805,5/5/2025 0:00
3806,5/6/2025 0:00
3807,5/7/2025 0:00
3808,5/8/2025 0:00
3809,5/9/2025 0:00
3810,5/10/2025 0:00
3811,5/11/2025 0:00
3812,5/12/2025 0:00
3813,5/13/2025 0:00
3814,5/14/2025 0:00
3815,5/15/2025 0:00
3816,5/16/2025 0:00
3817,5/17/2025 0:00
3818,5/18/2025 0:00
3819,5/19/2025 0:00
3820,5/20/2025 0:00
3821,5/21/2025 0:00
3822,5/22/2025 0:00
3823,5/23/2025 0:00
3824,5/24/2025 0:00
3825,5/25/2025 0:00
3826,5/26/2025 0:00
3827,5/27/2025 0:00
3828,5/28/2025 0:00
3829,5/29/2025 0:00
3830,5/30/2025 0:00
3831,5/31/2025 0:00
3832,6/1/2025 0:00
3833,6/2/2025 0:00
3834,6/3/2025 0:00
3835,6/4/2025 0:00
3836,6/5/2025 0:00
3837,6/6/2025 0:00
3838,6/7/2025 0:00
3839,6/8/2025 0:00
3840,6/9/2025 0:00
3841,6/10/2025 0:00
3842,6/11/2025 0:00
3843,6/12/2025 0:00
3844,6/13/2025 0:00
3845,6/14/2025 0:00
3846,6/15/2025 0:00
3847,6/16/2025 0:00
3848,6/17/2025 0:00
3849,6/18/2025 0:00
3850,6/19/2025 0:00
3851,6/20/2025 0:00
3852,6/21/2025 0:00
3853,6/22/2025 0:00
3854,6/23/2025 0:00
3855,6/24/2025 0:00
3856,6/25/2025 0:00
3857,6/26/2025 0:00
3858,6/27/2025 0:00
3859,6/28/2025 0:00
3860,6/29/2025 0:00
3861,6/30/2025 0:00
3862,7/1/2025 0:00
3863,7/2/2025 0:00
3864,7/3/2025 0:00
3865,7/4/2025 0:00
3866,7/5/2025 0:00
3867,7/6/2025 0:00
3868,7/7/2025 0:00
3869,7/8/2025 0:00
3870,7/9/2025 0:00
3871,7/10/2025 0:00
3872,7/11/2025 0:00
3873,7/12/2025 0:00
3874,7/13/2025 0:00
3875,7/14/2025 0:00
3876,7/15/2025 0:00
3877,7/16/2025 0:00
3878,7/17/2025 0:00
3879,7/18/2025 0:00
3880,7/19/2025 0:00
3881,7/20/2025 0:00
3882,7/21/2025 0:00
3883,7/22/2025 0:00
3884,7/23/2025 0:00
3885,7/24/2025 0:00
3886,7/25/2025 0:00
3887,7/26/2025 0:00
3888,7/27/2025 0:00
3889,7/28/2025 0:00
3890,7/29/2025 0:00
3891,7/30/2025 0:00
3892,7/31/2025 0:00
3893,8/1/2025 0:00
3894,8/2/2025 0:00
3895,8/3/2025 0:00
3896,8/4/2025 0:00
3897,8/5/2025 0:00
3898,8/6/2025 0:00
3899,8/7/2025 0:00
3900,8/8/2025 0:00
3901,8/9/2025 0:00
3902,8/10/2025 0:00
3903,8/11/2025 0:00
3904,8/12/2025 0:00
3905,8/13/2025 0:00
3906,8/14/2025 0:00
3907,8/15/2025 0:00
3908,8/16/2025 0:00
3909,8/17/2025 0:00
3910,8/18/2025 0:00
3911,8/19/2025 0:00
3912,8/20/2025 0:00
3913,8/21/2025 0:00
3914,8/22/2025 0:00
3915,8/23/2025 0:00
3916,8/24/2025 0:00
3917,8/25/2025 0:00
3918,8/26/2025 0:00
3919,8/27/2025 0:00
3920,8/28/2025 0:00
3921,8/29/2025 0:00
3922,8/30/2025 0:00
3923,8/31/2025 0:00
3924,9/1/2025 0:00
3925,9/2/2025 0:00
3926,9/3/2025 0:00
3927,9/4/2025 0:00
3928,9/5/2025 0:00
3929,9/6/2025 0:00
3930,9/7/2025 0:00
3931,9/8/2025 0:00
3932,9/9/2025 0:00
3933,9/10/2025 0:00
3934,9/11/2025 0:00
3935,9/12/2025 0:00
3936,9/13/2025 0:00
3937,9/14/2025 0:00
3938,9/15/2025 0:00
3939,9/16/2025 0:00
3940,9/17/2025 0:00
3941,9/18/2025 0:00
3942,9/19/2025 0:00
3943,9/20/2025 0:00
3944,9/21/2025 0:00
3945,9/22/2025 0:00
3946,9/23/2025 0:00
3947,9/24/2025 0:00
3948,9/25/2025 0:00
3949,9/26/2025 0:00
3950,9/27/2025 0:00
3951,9/28/2025 0:00
3952,9/29/2025 0:00
3953,9/30/2025 0:00
3954,10/1/2025 0:00
3955,10/2/2025 0:00
3956,10/3/2025 0:00
3957,10/4/2025 0:00
3958,10/5/2025 0:00
3959,10/6/2025 0:00
3960,10/7/2025 0:00
3961,10/8/2025 0:00
3962,10/9/2025 0:00
3963,10/10/2025 0:00
3964,10/11/2025 0:00
3965,10/12/2025 0:00
3966,10/13/2025 0:00
3967,10/14/2025 0:00
3968,10/15/2025 0:00
3969,10/16/2025 0:00
3970,10/17/2025 0:00
3971,10/18/2025 0:00
3972,10/19/2025 0:00
3973,10/20/2025 0:00
3974,10/21/2025 0:00
3975,10/22/2025 0:00
3976,10/23/2025 0:00
3977,10/24/2025 0:00
3978,10/25/2025 0:00
3979,10/26/2025 0:00
3980,10/27/2025 0:00
3981,10/28/2025 0:00
3982,10/29/2025 0:00
3983,10/30/2025 0:00
3984,10/31/2025 0:00
3985,11/1/2025 0:00
3986,11/2/2025 0:00
3987,11/3/2025 0:00
3988,11/4/2025 0:00
3989,11/5/2025 0:00
3990,11/6/2025 0:00
3991,11/7/2025 0:00
3992,11/8/2025 0:00
3993,11/9/2025 0:00
3994,11/10/2025 0:00
3995,11/11/2025 0:00
3996,11/12/2025 0:00
3997,11/13/2025 0:00
3998,11/14/2025 0:00
3999,11/15/2025 0:00
4000,11/16/2025 0:00
4001,11/17/2025 0:00
4002,11/18/2025 0:00
4003,11/19/2025 0:00
4004,11/20/2025 0:00
4005,11/21/2025 0:00
4006,11/22/2025 0:00
4007,11/23/2025 0:00
4008,11/24/2025 0:00
4009,11/25/2025 0:00
4010,11/26/2025 0:00
4011,11/27/2025 0:00
4012,11/28/2025 0:00
4013,11/29/2025 0:00
4014,11/30/2025 0:00
4015,12/1/2025 0:00
4016,12/2/2025 0:00
4017,12/3/2025 0:00
4018,12/4/2025 0:00
4019,12/5/2025 0:00
4020,12/6/2025 0:00
4021,12/7/2025 0:00
4022,12/8/2025 0:00
4023,12/9/2025 0:00
4024,12/10/2025 0:00
4025,12/11/2025 0:00
4026,12/12/2025 0:00
4027,12/13/2025 0:00
4028,12/14/2025 0:00
4029,12/15/2025 0:00
4030,12/16/2025 0:00
4031,12/17/2025 0:00
4032,12/18/2025 0:00
4033,12/19/2025 0:00
4034,12/20/2025 0:00
4035,12/21/2025 0:00
4036,12/22/2025 0:00
4037,12/23/2025 0:00
4038,12/24/2025 0:00
4039,12/25/2025 0:00
4040,12/26/2025 0:00
4041,12/27/2025 0:00
4042,12/28/2025 0:00
4043,12/29/2025 0:00
4044,12/30/2025 0:00
4045,12/31/2025 0:00
4046,1/1/2026 0:00
4047,1/2/2026 0:00
4048,1/3/2026 0:00
4049,1/4/2026 0:00
4050,1/5/2026 0:00
4051,1/6/2026 0:00
4052,1/7/2026 0:00
4053,1/8/2026 0:00
4054,1/9/2026 0:00
4055,1/10/2026 0:00
4056,1/11/2026 0:00
4057,1/12/2026 0:00
4058,1/13/2026 0:00
4059,1/14/2026 0:00
4060,1/15/2026 0:00
4061,1/16/2026 0:00
4062,1/17/2026 0:00
4063,1/18/2026 0:00
4064,1/19/2026 0:00
4065,1/20/2026 0:00
4066,1/21/2026 0:00
4067,1/22/2026 0:00
4068,1/23/2026 0:00
4069,1/24/2026 0:00
4070,1/25/2026 0:00
4071,1/26/2026 0:00
4072,1/27/2026 0:00
4073,1/28/2026 0:00
4074,1/29/2026 0:00
4075,1/30/2026 0:00
4076,1/31/2026 0:00
4077,2/1/2026 0:00
4078,2/2/2026 0:00
4079,2/3/2026 0:00
4080,2/4/2026 0:00
4081,2/5/2026 0:00
4082,2/6/2026 0:00
4083,2/7/2026 0:00
4084,2/8/2026 0:00
4085,2/9/2026 0:00
4086,2/10/2026 0:00
4087,2/11/2026 0:00
4088,2/12/2026 0:00
4089,2/13/2026 0:00
4090,2/14/2026 0:00
4091,2/15/2026 0:00
4092,2/16/2026 0:00
4093,2/17/2026 0:00
4094,2/18/2026 0:00
4095,2/19/2026 0:00
4096,2/20/2026 0:00
4097,2/21/2026 0:00
4098,2/22/2026 0:00
4099,2/23/2026 0:00
4100,2/24/2026 0:00
4101,2/25/2026 0:00
4102,2/26/2026 0:00
4103,2/27/2026 0:00
4104,2/28/2026 0:00
4105,3/1/2026 0:00
4106,3/2/2026 0:00
4107,3/3/2026 0:00
4108,3/4/2026 0:00
4109,3/5/2026 0:00
4110,3/6/2026 0:00
4111,3/7/2026 0:00
4112,3/8/2026 0:00
4113,3/9/2026 0:00
4114,3/10/2026 0:00
4115,3/11/2026 0:00
4116,3/12/2026 0:00
4117,3/13/2026 0:00
4118,3/14/2026 0:00
4119,3/15/2026 0:00
4120,3/16/2026 0:00
4121,3/17/2026 0:00
4122,3/18/2026 0:00
4123,3/19/2026 0:00
4124,3/20/2026 0:00
4125,3/21/2026 0:00
4126,3/22/2026 0:00
4127,3/23/2026 0:00
4128,3/24/2026 0:00
4129,3/25/2026 0:00
4130,3/26/2026 0:00
4131,3/27/2026 0:00
4132,3/28/2026 0:00
4133,3/29/2026 0:00
4134,3/30/2026 0:00
4135,3/31/2026 0:00
4136,4/1/2026 0:00
4137,4/2/2026 0:00
4138,4/3/2026 0:00
4139,4/4/2026 0:00
4140,4/5/2026 0:00
4141,4/6/2026 0:00
4142,4/7/2026 0:00
4143,4/8/2026 0:00
4144,4/9/2026 0:00
4145,4/10/2026 0:00
4146,4/11/2026 0:00
4147,4/12/2026 0:00
4148,4/13/2026 0:00
4149,4/14/2026 0:00
4150,4/15/2026 0:00
4151,4/16/2026 0:00
4152,4/17/2026 0:00
4153,4/18/2026 0:00
4154,4/19/2026 0:00
4155,4/20/2026 0:00
4156,4/21/2026 0:00
4157,4/22/2026 0:00
4158,4/23/2026 0:00
4159,4/24/2026 0:00
4160,4/25/2026 0:00
4161,4/26/2026 0:00
4162,4/27/2026 0:00
4163,4/28/2026 0:00
4164,4/29/2026 0:00
4165,4/30/2026 0:00
4166,5/1/2026 0:00
4167,5/2/2026 0:00
4168,5/3/2026 0:00
4169,5/4/2026 0:00
4170,5/5/2026 0:00
4171,5/6/2026 0:00
4172,5/7/2026 0:00
4173,5/8/2026 0:00
4174,5/9/2026 0:00
4175,5/10/2026 0:00
4176,5/11/2026 0:00
4177,5/12/2026 0:00
4178,5/13/2026 0:00
4179,5/14/2026 0:00
4180,5/15/2026 0:00
4181,5/16/2026 0:00
4182,5/17/2026 0:00
4183,5/18/2026 0:00
4184,5/19/2026 0:00
4185,5/20/2026 0:00
4186,5/21/2026 0:00
4187,5/22/2026 0:00
4188,5/23/2026 0:00
4189,5/24/2026 0:00
4190,5/25/2026 0:00
4191,5/26/2026 0:00
4192,5/28/2026 0:00
4193,5/30/2026 0:00
